Date,Region,TV_Spend,SocialMedia_Spend,GoogleAds_Spend,Influencer_Spend,Email_Spend,Total_Sales
2023-01-01,North,65795,43665,46784,30274,10774,617171
2023-01-01,South,50860,19277,34605,32399,6766,438377
2023-01-01,East,126820,52239,37463,36481,6633,788454
2023-01-01,West,104886,57664,28419,5944,3821,629799
2023-01-01,Central,56265,58008,67952,33457,3185,696821
2023-01-02,North,132386,24683,77492,14114,14717,784411
2023-01-02,South,87194,10670,53837,23130,3637,544671
2023-01-02,East,137498,33675,25263,17312,9236,598694
2023-01-02,West,94131,27889,68877,37596,12372,733306
2023-01-02,Central,110263,54535,60719,14751,10380,771671
2023-01-03,North,66023,23006,65687,11907,3746,544349
2023-01-03,South,91090,58536,54131,33114,14018,802172
2023-01-03,East,117221,36531,57276,30009,7797,746604
2023-01-03,West,114820,31639,54523,24310,10089,713649
2023-01-03,Central,50769,26633,20519,23996,4620,364037
2023-01-04,North,109735,44660,74615,11047,14137,771512
2023-01-04,South,112955,13439,51106,33767,12518,672105
2023-01-04,East,114925,42172,64504,21347,9597,723671
2023-01-04,West,117969,45622,30514,29102,10002,659206
2023-01-04,Central,55311,21577,67456,9263,8107,534185
2023-01-05,North,133104,21763,27233,6902,11376,565543
2023-01-05,South,103707,30176,21102,35823,4793,544202
2023-01-05,East,135305,54386,20597,35540,13138,727255
2023-01-05,West,78693,34255,66715,15190,4500,581130
2023-01-05,Central,121932,51003,39657,32690,10361,751535
2023-01-06,North,143016,29996,65009,7994,6925,774598
2023-01-06,South,75658,45386,58549,7010,12937,635980
2023-01-06,East,134478,31062,63565,12377,3080,758481
2023-01-06,West,68431,45931,26256,18036,11455,510469
2023-01-06,Central,52747,45710,76410,31467,6864,721664
2023-01-07,North,109150,44693,63148,5048,6453,686334
2023-01-07,South,115725,45740,49401,21038,4248,695828
2023-01-07,East,134654,21705,61548,37576,14100,830470
2023-01-07,West,85773,53408,26554,12878,3325,538364
2023-01-07,Central,117435,38047,32664,32609,13369,643349
2023-01-08,North,106886,20966,62367,29070,5873,717403
2023-01-08,South,116803,27374,68279,26996,12340,762014
2023-01-08,East,81551,21138,44386,23161,3688,519932
2023-01-08,West,61394,25935,24846,7228,4985,385520
2023-01-08,Central,119092,55913,46205,31365,4076,785099
2023-01-09,North,53890,10489,45570,30188,11721,458434
2023-01-09,South,91606,54516,50255,13888,3461,645971
2023-01-09,East,146276,32260,41182,28130,11594,730672
2023-01-09,West,130038,36069,59373,23790,2072,740564
2023-01-09,Central,137313,29275,63019,29824,14541,756794
2023-01-10,North,60627,46284,36043,38405,14226,577181
2023-01-10,South,58792,49178,65532,29474,8030,672438
2023-01-10,East,123969,42821,55754,22333,6611,696123
2023-01-10,West,93001,26999,20400,38879,4796,513330
2023-01-10,Central,126552,48712,39239,13367,9717,697831
2023-01-11,North,73897,50172,30416,5722,6516,461735
2023-01-11,South,118148,43722,23412,36145,4493,652532
2023-01-11,East,73483,20625,36440,15139,6231,423723
2023-01-11,West,98555,11629,44406,7128,5576,503187
2023-01-11,Central,67159,20973,21875,25617,10100,421660
2023-01-12,North,130077,16859,73695,33080,7728,783432
2023-01-12,South,85920,51609,57066,22533,2032,627930
2023-01-12,East,142067,53307,56536,37624,12886,880811
2023-01-12,West,117121,55450,25752,32956,6373,703547
2023-01-12,Central,119479,46046,41217,38077,5598,777170
2023-01-13,North,139475,31839,32489,8952,4392,609891
2023-01-13,South,69457,37216,21353,27796,14304,494594
2023-01-13,East,116557,28945,46986,36746,13063,707359
2023-01-13,West,127189,16539,41371,26249,8705,666940
2023-01-13,Central,128953,59522,59365,5015,8790,768727
2023-01-14,North,102995,43625,34691,30957,4677,662704
2023-01-14,South,90757,14886,24311,21005,3401,454078
2023-01-14,East,59692,55713,68075,26292,2817,688783
2023-01-14,West,95758,17485,30794,36876,8203,540092
2023-01-14,Central,122409,41455,22934,19817,11852,650838
2023-01-15,North,121211,56448,36406,30470,6562,767083
2023-01-15,South,115697,26767,30394,14759,6723,601705
2023-01-15,East,87065,57165,70361,11412,4438,697431
2023-01-15,West,142093,38453,46872,25504,13175,778974
2023-01-15,Central,149299,20744,61708,13507,8828,731375
2023-01-16,North,82606,47102,69956,26050,3210,734113
2023-01-16,South,61534,22226,61093,9820,8641,522381
2023-01-16,East,144663,37869,40800,12835,2599,680305
2023-01-16,West,90397,32588,63397,32631,7480,701940
2023-01-16,Central,141387,23440,77777,39617,3846,923062
2023-01-17,North,51016,41709,57909,18587,12047,570745
2023-01-17,South,139789,57788,41352,39721,8592,800400
2023-01-17,East,105591,32495,56439,11840,9861,637657
2023-01-17,West,139812,47019,48312,36440,3887,797243
2023-01-17,Central,73247,54948,60060,35636,2679,699890
2023-01-18,North,74300,58908,35438,7389,5252,554778
2023-01-18,South,124065,10922,43385,5763,3835,562127
2023-01-18,East,132798,37526,64999,28925,14222,817389
2023-01-18,West,59268,17957,38482,31549,4177,463730
2023-01-18,Central,136807,58564,52471,28457,10142,833513
2023-01-19,North,62185,43998,67279,26423,2148,683711
2023-01-19,South,113704,53395,63877,15518,3495,779671
2023-01-19,East,136779,34031,61212,37360,3744,840675
2023-01-19,West,89099,20006,74213,33173,3646,682373
2023-01-19,Central,58571,47701,68373,14395,4995,589209
2023-01-20,North,88044,57063,33026,24207,8643,650023
2023-01-20,South,101214,35939,62089,31639,11864,782050
2023-01-20,East,111228,59145,39648,33924,12131,721961
2023-01-20,West,98984,30324,25435,12433,9378,547273
2023-01-20,Central,90774,32867,28493,35104,10849,581949
2023-01-21,North,52568,10203,26691,8664,5667,313814
2023-01-21,South,112592,26544,79321,15528,11245,728876
2023-01-21,East,117563,25899,22763,33190,14263,571852
2023-01-21,West,52695,39063,40389,5497,2576,389597
2023-01-21,Central,98190,35344,51498,12641,13287,648932
2023-01-22,North,55258,13748,56009,9643,13223,461966
2023-01-22,South,137538,49486,55825,10056,6779,773572
2023-01-22,East,89504,11093,36934,37899,10187,580457
2023-01-22,West,83159,25228,25574,10443,4972,430456
2023-01-22,Central,63986,30884,58179,22241,9756,616477
2023-01-23,North,111858,35183,21587,13712,5948,514921
2023-01-23,South,62666,26034,62782,13221,8544,540904
2023-01-23,East,88660,15710,58688,36346,4045,620776
2023-01-23,West,53561,52500,74412,20660,14128,706326
2023-01-23,Central,76854,29259,31688,16588,13140,513273
2023-01-24,North,114505,45959,24409,22942,3627,600268
2023-01-24,South,102251,43457,25783,6607,3488,491368
2023-01-24,East,72662,30143,53480,7016,14337,563846
2023-01-24,West,58392,12103,46751,8574,14390,410467
2023-01-24,Central,80535,10365,58174,12274,14655,529341
2023-01-25,North,128603,56778,77142,20748,11127,873816
2023-01-25,South,102256,54535,76572,25175,5563,830520
2023-01-25,East,139135,26103,32041,16826,13821,625444
2023-01-25,West,85222,42510,43227,22472,11906,629985
2023-01-25,Central,127373,34476,55201,39129,3802,776024
2023-01-26,North,129575,22742,56069,9473,11612,683575
2023-01-26,South,146354,22391,36654,28490,5591,672077
2023-01-26,East,134651,46940,46370,14481,5520,749176
2023-01-26,West,113335,38901,49482,13520,7896,651082
2023-01-26,Central,60965,42001,79806,31415,9643,728679
2023-01-27,North,74538,25623,31586,22570,9041,462876
2023-01-27,South,120592,12378,70231,24798,5311,716631
2023-01-27,East,148018,31372,25322,8536,4305,580919
2023-01-27,West,58110,54799,33932,6773,9875,487977
2023-01-27,Central,129309,48437,49299,34894,12187,793051
2023-01-28,North,77266,45503,45179,10079,3967,550493
2023-01-28,South,102992,40746,25257,30838,10009,618015
2023-01-28,East,132948,37923,66501,26804,13906,806322
2023-01-28,West,148806,19867,77134,24675,14227,854097
2023-01-28,Central,56910,51258,66136,30594,14677,705192
2023-01-29,North,140982,43724,29777,13998,7462,674733
2023-01-29,South,50206,19306,31249,18697,8897,430030
2023-01-29,East,137054,49391,75366,18429,5458,852799
2023-01-29,West,137897,24908,41390,12140,10585,648630
2023-01-29,Central,73419,37081,40369,19901,6778,574430
2023-01-30,North,100636,47228,32881,28279,5730,607769
2023-01-30,South,100015,33386,29587,33525,6365,552660
2023-01-30,East,104268,56754,48264,25491,14436,752789
2023-01-30,West,137939,55406,28791,8280,9547,695167
2023-01-30,Central,68141,38302,61473,39980,2027,632934
2023-01-31,North,130356,29212,42375,34989,5491,710073
2023-01-31,South,121910,45618,42611,13078,8423,654333
2023-01-31,East,106044,56067,62026,31118,7301,811123
2023-01-31,West,117214,20698,27833,28985,14453,596137
2023-01-31,Central,83827,14594,72038,21997,8160,660989
2023-02-01,North,105820,35525,67013,19274,3173,686084
2023-02-01,South,112623,24282,71805,5868,2338,674558
2023-02-01,East,131734,59053,35754,31398,11260,794355
2023-02-01,West,125450,24334,62048,21042,2841,715154
2023-02-01,Central,143426,39179,32577,36820,14476,724094
2023-02-02,North,72299,16644,51095,26246,14938,565107
2023-02-02,South,93585,45618,41248,25561,2293,615244
2023-02-02,East,114044,57701,55282,21254,12049,742962
2023-02-02,West,92557,42933,56737,39512,11514,755843
2023-02-02,Central,99080,53469,72436,28996,8558,831797
2023-02-03,North,52693,43687,51891,33618,3647,583006
2023-02-03,South,145003,51073,44124,16859,6898,781701
2023-02-03,East,145259,27375,24566,28580,13812,688068
2023-02-03,West,119163,58483,22196,10423,6526,611323
2023-02-03,Central,75939,40926,51115,11608,7614,584868
2023-02-04,North,98925,46607,69941,9876,13286,747562
2023-02-04,South,92941,27642,39859,26038,13683,603714
2023-02-04,East,71834,33993,31345,33006,13687,504099
2023-02-04,West,68047,54386,79008,35810,14774,753783
2023-02-04,Central,76105,56287,54077,19325,5801,675992
2023-02-05,North,125766,31188,20864,6753,10280,521862
2023-02-05,South,65707,42596,32055,34531,9376,549966
2023-02-05,East,71976,37772,58157,22996,14558,673285
2023-02-05,West,94262,40857,39747,8275,12148,555798
2023-02-05,Central,73776,20776,64484,13747,2899,555847
2023-02-06,North,80080,42835,31978,5824,5477,488204
2023-02-06,South,116842,19788,44599,18880,3744,599173
2023-02-06,East,111373,15660,55771,6081,14565,625791
2023-02-06,West,56776,14478,66942,16517,8096,519651
2023-02-06,Central,142787,18210,77654,26683,4253,838497
2023-02-07,North,105016,20922,66540,21876,13853,697143
2023-02-07,South,59474,46289,37615,13266,13152,530085
2023-02-07,East,108053,43340,60727,16183,3633,679528
2023-02-07,West,71959,49850,64748,26066,9001,652601
2023-02-07,Central,55530,48163,71863,17877,9020,651970
2023-02-08,North,144856,58175,59349,14982,11053,831654
2023-02-08,South,53748,28642,76857,13968,10149,626207
2023-02-08,East,147504,21094,49377,31598,6701,751883
2023-02-08,West,148098,32423,50031,19639,8735,758239
2023-02-08,Central,63545,43418,69573,9674,3013,601146
2023-02-09,North,116199,15741,62733,9316,5299,618829
2023-02-09,South,84766,56049,31760,14695,3506,566696
2023-02-09,East,123530,16838,67690,36094,13397,803516
2023-02-09,West,143557,13262,53714,27187,6803,716043
2023-02-09,Central,111087,14996,45762,6214,2977,525799
2023-02-10,North,145839,54594,70986,28940,13653,957015
2023-02-10,South,118840,32164,54332,30685,3817,692258
2023-02-10,East,104384,45595,60100,20977,13876,763085
2023-02-10,West,101005,40257,24944,30538,14250,592315
2023-02-10,Central,96576,24211,68825,12965,12826,679293
2023-02-11,North,89353,40453,33877,14597,6901,551017
2023-02-11,South,112003,15232,49990,32740,13858,626290
2023-02-11,East,133211,12217,62907,11569,11140,684315
2023-02-11,West,102733,34229,54076,16881,8798,678788
2023-02-11,Central,115318,24232,72138,37177,2473,778537
2023-02-12,North,139474,35613,69538,5590,2567,754139
2023-02-12,South,73664,24026,75283,31119,13624,678186
2023-02-12,East,117172,38554,78505,32915,14215,890154
2023-02-12,West,135616,40908,23258,7708,9966,592447
2023-02-12,Central,143264,29610,75273,27106,4258,887299
2023-02-13,North,76736,56646,51629,22131,10120,689099
2023-02-13,South,144209,49605,57579,11553,13336,833399
2023-02-13,East,50854,17031,42958,22881,6310,444366
2023-02-13,West,140084,57574,59465,6379,3982,781355
2023-02-13,Central,88623,35515,40317,30255,3096,611023
2023-02-14,North,57392,46484,35775,8770,8610,504986
2023-02-14,South,105680,46182,31039,24726,5570,660047
2023-02-14,East,96717,10570,49097,14088,8497,499048
2023-02-14,West,137092,42254,54207,39314,13582,905178
2023-02-14,Central,100859,29288,42553,21350,12864,615719
2023-02-15,North,76309,23288,64402,39063,5646,681839
2023-02-15,South,137455,39877,73632,20861,4419,821742
2023-02-15,East,113734,28889,20055,18973,6279,510901
2023-02-15,West,120467,10917,72476,22769,13540,701817
2023-02-15,Central,102662,20066,43161,22326,2673,607057
2023-02-16,North,148506,39504,52873,7786,4802,724362
2023-02-16,South,62688,16982,55969,6620,9312,471498
2023-02-16,East,75342,49104,35184,24589,4369,565175
2023-02-16,West,87157,28062,20669,7882,6530,404984
2023-02-16,Central,117863,26999,32663,29524,3066,611793
2023-02-17,North,102083,19941,45318,14745,7432,564532
2023-02-17,South,115733,33470,53734,20861,10073,722813
2023-02-17,East,139045,55148,36691,31171,2687,753111
2023-02-17,West,84698,31133,38522,31199,2068,560894
2023-02-17,Central,130623,54435,31656,7837,12295,679508
2023-02-18,North,72671,14529,35893,13599,8774,434888
2023-02-18,South,75184,27519,65857,20911,2419,613247
2023-02-18,East,143384,22192,36493,25553,14190,669402
2023-02-18,West,92107,18566,23632,28813,12789,522486
2023-02-18,Central,136202,17226,50336,34520,14530,771679
2023-02-19,North,101663,47930,43112,34541,8891,735494
2023-02-19,South,65708,59358,58452,5236,7593,605791
2023-02-19,East,141906,31259,33266,32350,12316,667803
2023-02-19,West,99811,44087,75651,16549,8104,763196
2023-02-19,Central,52811,11141,71067,32453,5892,577094
2023-02-20,North,106250,14627,36940,17906,2439,504452
2023-02-20,South,122082,57269,44003,19988,11478,729504
2023-02-20,East,84754,12690,52872,32723,3208,562478
2023-02-20,West,145742,50091,54815,38800,11270,897718
2023-02-20,Central,61411,13255,50869,32430,4563,502951
2023-02-21,North,52911,15213,69297,37535,9466,608710
2023-02-21,South,117270,46876,37257,7940,13815,685781
2023-02-21,East,133763,29404,36682,26793,3253,665912
2023-02-21,West,58680,35380,39622,17262,13549,475642
2023-02-21,Central,134896,35520,50408,11961,5209,668646
2023-02-22,North,133879,29173,28837,31499,5549,665510
2023-02-22,South,121295,33989,35407,36283,2614,719108
2023-02-22,East,138614,52570,49309,5633,5078,713320
2023-02-22,West,61111,34519,26382,11822,12915,385970
2023-02-22,Central,87504,32439,47654,30968,5490,660210
2023-02-23,North,51802,21413,38895,24830,5543,497640
2023-02-23,South,58155,24995,75748,10738,10102,596286
2023-02-23,East,123656,33559,53551,8098,14707,690389
2023-02-23,West,89384,55351,41376,34888,3900,686259
2023-02-23,Central,97254,33513,20370,13097,14563,513739
2023-02-24,North,71918,15021,68676,18136,7680,591094
2023-02-24,South,135981,42464,20486,13253,8751,618835
2023-02-24,East,110713,31119,43762,30208,7862,647593
2023-02-24,West,80306,39299,46613,9887,3712,552696
2023-02-24,Central,66646,49350,67268,14492,4329,641148
2023-02-25,North,96843,56223,23196,6454,13811,537730
2023-02-25,South,146601,35517,62320,22522,3194,813055
2023-02-25,East,140735,23117,73439,8192,8781,751454
2023-02-25,West,66371,32250,49401,20775,10162,554672
2023-02-25,Central,127371,28950,55029,15402,6906,702242
2023-02-26,North,52049,27359,30813,18074,3378,417429
2023-02-26,South,81616,33596,61916,20245,11504,637126
2023-02-26,East,70932,35530,28572,30936,13107,541705
2023-02-26,West,79855,11262,67776,32002,2749,635696
2023-02-26,Central,111434,50150,48225,20683,7292,728387
2023-02-27,North,122694,32615,65853,17460,2300,739799
2023-02-27,South,93016,13327,69390,35482,6695,699764
2023-02-27,East,57400,39768,52275,21447,14174,566888
2023-02-27,West,92642,38850,26843,22729,6624,599864
2023-02-27,Central,65151,52788,21105,25545,5837,505460
2023-02-28,North,101407,26848,70538,33204,2277,759405
2023-02-28,South,116690,56830,79896,14814,14950,853812
2023-02-28,East,54499,49542,63209,18890,12750,636819
2023-02-28,West,56295,25160,51639,6740,5917,464945
2023-02-28,Central,109040,43998,62487,35121,9307,806635
2023-03-01,North,62183,37230,38051,16218,4161,467476
2023-03-01,South,79299,19076,48708,11055,14867,526522
2023-03-01,East,62874,13805,55459,27705,3389,514524
2023-03-01,West,82711,41085,76908,39722,10882,814844
2023-03-01,Central,55539,24715,31864,11439,6732,376384
2023-03-02,North,103351,15750,54764,35921,5468,667460
2023-03-02,South,111267,58395,21425,38729,12040,698117
2023-03-02,East,98354,23232,69146,28211,8141,744283
2023-03-02,West,52557,45903,77175,35614,7969,740744
2023-03-02,Central,88360,16953,26849,22601,5816,497340
2023-03-03,North,132018,42093,56015,32796,11131,802000
2023-03-03,South,52200,35500,38976,11007,7037,437835
2023-03-03,East,118497,32418,54258,25514,13374,726494
2023-03-03,West,96975,44314,70376,22776,7994,775478
2023-03-03,Central,71357,58225,71739,7076,13501,699313
2023-03-04,North,127505,32449,76866,30350,12242,839298
2023-03-04,South,52869,27478,72216,21292,11938,587730
2023-03-04,East,111135,45179,67078,36510,4451,842222
2023-03-04,West,100108,56881,76956,33000,2024,856451
2023-03-04,Central,144179,35338,51113,35383,7962,811727
2023-03-05,North,140272,36899,69984,16785,4556,808564
2023-03-05,South,88467,14145,35401,29855,9632,546870
2023-03-05,East,73328,42101,32884,29281,2060,526674
2023-03-05,West,141412,12775,38824,9841,9675,601981
2023-03-05,Central,136831,55961,57563,36668,2122,875026
2023-03-06,North,53987,41647,54414,31918,7616,579591
2023-03-06,South,108871,55619,36142,22443,12294,682592
2023-03-06,East,72399,55838,67074,37250,3186,799284
2023-03-06,West,96214,29539,69592,6922,7158,629362
2023-03-06,Central,149522,46738,25956,36976,9864,769507
2023-03-07,North,136416,36616,33928,16991,11922,628369
2023-03-07,South,120271,24119,29721,27733,14833,615871
2023-03-07,East,94064,35159,31157,7473,6089,482111
2023-03-07,West,120091,47099,55135,13108,4472,709850
2023-03-07,Central,90818,20295,26696,33715,13157,547553
2023-03-08,North,95525,44710,47862,37210,12469,697048
2023-03-08,South,69830,34685,25190,38362,14279,547035
2023-03-08,East,67429,59343,24663,9889,9450,483169
2023-03-08,West,56893,35479,59830,29021,4964,572781
2023-03-08,Central,129909,56172,24331,13212,10104,676716
2023-03-09,North,97333,43629,78648,36971,3310,805601
2023-03-09,South,53436,52043,72186,8201,10346,619381
2023-03-09,East,124290,27033,64648,29346,4212,750136
2023-03-09,West,126213,46902,48549,18715,13445,747164
2023-03-09,Central,55895,54571,36246,10681,11454,509372
2023-03-10,North,69738,25408,45761,21720,8792,523912
2023-03-10,South,80746,27420,23262,6667,11554,409440
2023-03-10,East,99377,26351,66088,33152,11129,724831
2023-03-10,West,98404,14131,71259,13204,10703,646935
2023-03-10,Central,104045,54825,27036,29537,10378,659224
2023-03-11,North,147888,21349,79184,16217,3845,837387
2023-03-11,South,89790,54254,73472,38741,9660,851298
2023-03-11,East,55600,48225,42322,25654,3702,572285
2023-03-11,West,144660,48847,39131,6408,2390,718991
2023-03-11,Central,143179,22453,24677,23672,2654,615916
2023-03-12,North,90764,28814,27972,6218,7835,479745
2023-03-12,South,124543,28263,35329,35105,6271,679585
2023-03-12,East,95714,22158,57032,9098,13013,618291
2023-03-12,West,106835,25735,55901,12619,10955,598875
2023-03-12,Central,123744,25830,64380,16939,5400,708145
2023-03-13,North,106491,57893,70617,23226,7319,826504
2023-03-13,South,68589,54673,40493,30322,14998,644985
2023-03-13,East,93484,33926,38595,21878,13459,593006
2023-03-13,West,132989,55066,41923,11560,8732,690036
2023-03-13,Central,86212,44779,66926,34299,8674,751414
2023-03-14,North,93525,13373,29735,12543,3085,459266
2023-03-14,South,97202,20335,54457,28946,7446,631727
2023-03-14,East,82635,33741,62531,36740,12121,712616
2023-03-14,West,113208,20692,27727,12253,6376,549972
2023-03-14,Central,83828,57295,27764,18775,3963,562411
2023-03-15,North,68711,55541,73693,37813,11977,786324
2023-03-15,South,53420,44057,72693,32632,12466,699520
2023-03-15,East,146752,11447,65771,7057,12878,719511
2023-03-15,West,50301,29583,47599,38431,7177,556452
2023-03-15,Central,95236,32765,20818,23413,13160,535786
2023-03-16,North,116235,33906,67207,35225,6572,773763
2023-03-16,South,104240,29567,67845,7696,9543,664278
2023-03-16,East,115726,24139,57289,21101,10907,661987
2023-03-16,West,60492,56525,53892,13831,2242,590384
2023-03-16,Central,56102,48230,25660,24047,8510,500861
2023-03-17,North,100336,29520,49521,10004,5915,581554
2023-03-17,South,135314,29702,58409,27705,11715,762487
2023-03-17,East,76641,35566,70281,26509,2837,669261
2023-03-17,West,84584,17657,54470,19662,5323,597794
2023-03-17,Central,82745,47688,38385,5394,4953,561245
2023-03-18,North,73093,40134,43296,15524,11537,542882
2023-03-18,South,116105,20345,73030,38097,12615,791043
2023-03-18,East,101885,51185,43616,31673,12220,715851
2023-03-18,West,86631,59928,46382,22156,3432,691093
2023-03-18,Central,122991,37413,31139,6645,8854,550218
2023-03-19,North,54014,15208,75483,34049,9655,609969
2023-03-19,South,61093,43455,52060,14815,10431,572278
2023-03-19,East,68070,59681,42419,6848,10330,569439
2023-03-19,West,85777,38018,47785,39329,13385,675505
2023-03-19,Central,106958,55991,35702,38541,10611,729245
2023-03-20,North,132074,18080,79496,12311,2303,756722
2023-03-20,South,60729,31902,49217,26563,4162,537483
2023-03-20,East,149713,19486,59291,20203,8486,736318
2023-03-20,West,95017,48862,32397,14290,12218,584459
2023-03-20,Central,116320,31158,60879,39818,6102,783144
2023-03-21,North,77751,50460,77888,22131,8874,710027
2023-03-21,South,128069,53856,55169,35143,12418,858097
2023-03-21,East,104748,45871,46940,29509,3168,716344
2023-03-21,West,55801,45208,62249,27244,2415,617161
2023-03-21,Central,69190,30519,48341,31898,12905,588566
2023-03-22,North,99689,41379,30067,39383,7243,631185
2023-03-22,South,100993,38378,66144,25138,2149,721425
2023-03-22,East,79592,49892,33824,10506,12636,534831
2023-03-22,West,60647,59996,33444,25605,8524,600999
2023-03-22,Central,58716,24031,65647,18054,7899,562950
2023-03-23,North,138891,24536,78126,33231,2838,812373
2023-03-23,South,137545,10446,68880,18861,8144,744432
2023-03-23,East,139912,46683,53307,16587,11888,819270
2023-03-23,West,120316,58555,30974,18515,14531,704396
2023-03-23,Central,52368,27618,66614,26675,12102,621596
2023-03-24,North,127575,16587,58383,21600,11613,714600
2023-03-24,South,56655,41480,49290,32892,9466,617111
2023-03-24,East,120031,42994,36016,22743,13193,697955
2023-03-24,West,126429,30527,52112,8774,3320,672525
2023-03-24,Central,141083,33569,48513,26801,14227,776057
2023-03-25,North,137922,21151,22956,33853,3523,591312
2023-03-25,South,105766,15558,28077,9429,7234,449080
2023-03-25,East,63403,54739,56490,9606,14070,589026
2023-03-25,West,82097,42954,64827,9478,8144,592361
2023-03-25,Central,128657,57448,79177,23280,2552,888583
2023-03-26,North,60966,57327,57855,9427,5756,628631
2023-03-26,South,149157,53837,63106,10361,5671,805705
2023-03-26,East,143848,45303,75612,30475,2481,924163
2023-03-26,West,102921,44700,54938,5641,2599,646678
2023-03-26,Central,99726,37500,56159,26730,9677,703959
2023-03-27,North,100300,12032,59710,26113,11356,663445
2023-03-27,South,72677,11252,38000,25011,14870,483900
2023-03-27,East,105609,15509,33806,24659,14424,591358
2023-03-27,West,146825,47842,67560,26309,11195,891310
2023-03-27,Central,106661,23900,32809,23688,3982,567327
2023-03-28,North,81024,24523,34855,33176,3634,536100
2023-03-28,South,120313,11881,61876,8343,9830,614314
2023-03-28,East,103006,43037,49388,7056,4997,591936
2023-03-28,West,145285,11630,26458,24192,2686,605483
2023-03-28,Central,65338,30789,55524,28476,13606,631631
2023-03-29,North,118027,32523,26853,14416,7529,570445
2023-03-29,South,142772,27958,60477,5886,3759,721110
2023-03-29,East,130135,56151,52222,13584,9023,737182
2023-03-29,West,69508,58920,38320,32766,8208,642612
2023-03-29,Central,53051,53852,48618,23830,9234,548936
2023-03-30,North,98747,11695,72243,25289,4480,644484
2023-03-30,South,137142,24821,65615,16530,11529,787374
2023-03-30,East,137235,13262,37352,8591,9476,581575
2023-03-30,West,104021,11445,27297,33342,9770,541929
2023-03-30,Central,116412,26436,47940,26395,2114,669784
2023-03-31,North,108335,19949,69024,21738,14149,727124
2023-03-31,South,106179,33963,23203,7631,2568,486576
2023-03-31,East,82093,39932,59267,22905,11745,671612
2023-03-31,West,119678,16901,57941,24056,9951,684369
2023-03-31,Central,130738,43487,37273,28546,4689,685047
2023-04-01,North,89734,18597,45368,31014,6590,576236
2023-04-01,South,122615,16855,31650,12463,5340,546263
2023-04-01,East,123523,28678,50984,6780,4988,624783
2023-04-01,West,144476,18263,61941,31107,5151,775401
2023-04-01,Central,67019,57288,27382,36587,13719,620075
2023-04-02,North,133613,35805,72683,29968,5015,850319
2023-04-02,South,141794,36143,20801,38593,11013,710257
2023-04-02,East,136672,21874,61002,28660,8345,735815
2023-04-02,West,123847,37529,66665,7395,5574,734861
2023-04-02,Central,132750,30866,67965,36848,9838,822808
2023-04-03,North,129634,24079,39733,20779,13979,655448
2023-04-03,South,78251,59850,77157,10492,3608,706479
2023-04-03,East,75945,17243,29969,34722,2559,506771
2023-04-03,West,140852,39872,55969,12111,8621,791844
2023-04-03,Central,82217,19018,36733,14984,14255,487530
2023-04-04,North,58308,59500,52449,37016,9126,678736
2023-04-04,South,55949,22100,46143,32640,7565,540729
2023-04-04,East,101990,59459,45705,11792,6435,681751
2023-04-04,West,51150,29800,48363,31924,7650,536335
2023-04-04,Central,139480,36910,50720,37577,10803,822799
2023-04-05,North,124740,39437,29972,12711,12355,659843
2023-04-05,South,116617,47588,53351,25012,3881,729577
2023-04-05,East,144841,21001,65487,39333,6169,825339
2023-04-05,West,66896,56675,56145,9096,5863,621300
2023-04-05,Central,96175,29942,42412,6019,9436,582098
2023-04-06,North,57805,30862,44078,29312,5708,530962
2023-04-06,South,55237,21669,42580,14476,3709,397312
2023-04-06,East,70056,25916,76235,13254,9860,631744
2023-04-06,West,95543,20878,34855,37419,11953,585285
2023-04-06,Central,106556,12985,56169,16584,3692,604972
2023-04-07,North,53343,42369,66404,10965,11437,560145
2023-04-07,South,63500,18112,39569,16464,2125,403720
2023-04-07,East,103222,51235,79538,17439,14944,814899
2023-04-07,West,79375,28931,74437,37963,3199,755291
2023-04-07,Central,59662,37340,68506,33440,8092,640990
2023-04-08,North,66964,10336,45738,8273,4711,413340
2023-04-08,South,109638,52933,26772,20330,13638,609136
2023-04-08,East,123666,29363,44874,26494,11182,697640
2023-04-08,West,135067,55536,39731,15886,13257,749744
2023-04-08,Central,117215,13968,30131,8212,11713,479155
2023-04-09,North,119042,43678,20788,22905,8228,634169
2023-04-09,South,63284,58400,74097,27058,7995,702046
2023-04-09,East,122789,26279,36184,6080,10182,603718
2023-04-09,West,134664,13129,50897,37675,7502,753990
2023-04-09,Central,143468,48215,22889,27007,14920,725351
2023-04-10,North,111389,48897,29569,22105,7760,654249
2023-04-10,South,59435,15850,41657,35279,7582,497843
2023-04-10,East,104340,30588,30141,22946,4498,531677
2023-04-10,West,94078,50214,39656,5639,4565,578057
2023-04-10,Central,128832,21949,78221,17502,8989,748627
2023-04-11,North,101293,18519,41618,33363,6790,605394
2023-04-11,South,145981,36375,31934,8736,12789,633230
2023-04-11,East,128781,43082,62537,21473,7024,810058
2023-04-11,West,110403,21737,43286,39019,10307,679146
2023-04-11,Central,79124,11134,27612,26087,3031,452592
2023-04-12,North,145435,20938,71644,33489,3241,843476
2023-04-12,South,93919,34486,52069,24325,3742,676769
2023-04-12,East,85247,58356,36205,5271,7709,587319
2023-04-12,West,144758,36096,47331,23414,7999,791526
2023-04-12,Central,141747,51115,75897,29220,13830,923229
2023-04-13,North,112752,15592,33934,14387,14591,533076
2023-04-13,South,106573,28108,30095,16279,6090,491826
2023-04-13,East,109101,27270,45958,32584,12167,668924
2023-04-13,West,76646,37649,57008,15857,10160,607702
2023-04-13,Central,73049,20997,38706,13052,8883,472571
2023-04-14,North,129605,43489,63516,21995,14375,803657
2023-04-14,South,148116,19104,58066,18580,7129,753882
2023-04-14,East,147379,10870,51472,23240,6403,714418
2023-04-14,West,118385,38684,54629,22910,8577,718398
2023-04-14,Central,90158,49519,66910,15216,6897,689473
2023-04-15,North,115417,59649,43004,29911,2163,749838
2023-04-15,South,73289,44524,79210,39866,5310,785771
2023-04-15,East,59823,40957,40431,20438,5388,504306
2023-04-15,West,110160,43885,76733,12865,2995,759820
2023-04-15,Central,91975,54369,60088,21557,8161,696810
2023-04-16,North,59540,45596,64135,17211,3877,623741
2023-04-16,South,66364,39866,70250,38268,12015,738370
2023-04-16,East,54611,40676,58015,8646,10103,542062
2023-04-16,West,77663,57764,54502,28924,12487,726975
2023-04-16,Central,101991,23878,51385,14910,5264,597487
2023-04-17,North,107679,49760,24663,6778,3348,579873
2023-04-17,South,80977,37559,58677,24441,11995,633432
2023-04-17,East,144704,56546,72568,10190,4251,869872
2023-04-17,West,99115,16771,32818,20304,13092,544687
2023-04-17,Central,141007,26526,42686,32289,9290,764273
2023-04-18,North,138223,39896,43977,9747,11785,714689
2023-04-18,South,110890,41923,69832,14286,10018,731599
2023-04-18,East,116387,46203,60931,5045,8590,675037
2023-04-18,West,68071,49390,38454,34742,9658,609678
2023-04-18,Central,109275,22852,33358,12758,2432,531926
2023-04-19,North,122369,57574,26668,28437,7743,719226
2023-04-19,South,61938,53391,65784,24585,7247,656786
2023-04-19,East,85195,11848,60769,38223,9715,657032
2023-04-19,West,141680,41027,29921,14854,5817,607035
2023-04-19,Central,54000,45464,54959,22349,3070,560799
2023-04-20,North,120588,44485,52328,35692,6600,799564
2023-04-20,South,143610,29456,28859,26348,10306,651834
2023-04-20,East,147856,19259,78956,39296,11631,881967
2023-04-20,West,88304,45554,43970,24455,11982,632350
2023-04-20,Central,119449,56922,28872,18288,2994,658412
2023-04-21,North,132986,23409,78316,11387,6318,746141
2023-04-21,South,139643,13791,39230,38894,6731,696345
2023-04-21,East,70764,35864,46708,28016,8068,576882
2023-04-21,West,136027,46639,38847,35215,9670,801123
2023-04-21,Central,88494,44574,75989,21102,6767,736628
2023-04-22,North,53373,27888,47105,8404,2957,441411
2023-04-22,South,62161,29692,79847,5106,10287,605638
2023-04-22,East,147532,33501,24922,20195,4154,639616
2023-04-22,West,142658,23304,24392,32153,2631,657316
2023-04-22,Central,77350,37527,72335,34605,13876,763717
2023-04-23,North,143008,28074,33541,10580,11893,626942
2023-04-23,South,144297,25549,39551,10400,8045,653945
2023-04-23,East,75351,39963,39381,35649,2697,577405
2023-04-23,West,138668,35920,67783,35496,2031,865136
2023-04-23,Central,65305,40826,75673,25637,8209,699236
2023-04-24,North,125353,46071,55995,11177,6874,721164
2023-04-24,South,126797,26061,42948,12269,7562,631631
2023-04-24,East,115953,38810,46728,19974,10740,696470
2023-04-24,West,107458,57966,79072,19037,4248,858564
2023-04-24,Central,70358,32800,22024,23756,12085,477656
2023-04-25,North,53267,53423,36713,21167,8192,548525
2023-04-25,South,132745,51692,22486,28218,13026,739794
2023-04-25,East,139588,19940,21155,30167,11895,602105
2023-04-25,West,88513,13924,30082,11617,8406,464280
2023-04-25,Central,76092,38054,57245,26534,3156,614970
2023-04-26,North,61338,19783,38569,30459,10535,480377
2023-04-26,South,50412,47253,27086,25542,7295,479884
2023-04-26,East,57543,55397,22317,5303,14264,433484
2023-04-26,West,83496,23233,56389,34756,13654,636684
2023-04-26,Central,110692,55669,24491,17683,8154,618691
2023-04-27,North,139084,34484,35916,37695,4248,728589
2023-04-27,South,142920,35068,35248,16025,11136,668549
2023-04-27,East,94425,10191,22511,25890,14072,456386
2023-04-27,West,88756,35074,44226,23715,12242,640005
2023-04-27,Central,68888,14917,45025,9561,5285,417100
2023-04-28,North,85735,48599,62314,37847,13047,764595
2023-04-28,South,97295,35832,68380,32407,11522,783080
2023-04-28,East,133042,52928,27848,26580,4003,720007
2023-04-28,West,135999,30706,34274,15169,5615,638207
2023-04-28,Central,67955,23682,74556,22116,11979,628048
2023-04-29,North,87841,36762,74545,27043,12438,747219
2023-04-29,South,120640,33383,50958,7124,5672,619377
2023-04-29,East,115510,37796,70445,12176,9458,739772
2023-04-29,West,84911,33666,55233,30774,4155,644221
2023-04-29,Central,109031,35662,36304,23676,5479,614529
2023-04-30,North,138726,55159,68437,29760,13212,900863
2023-04-30,South,57357,44642,31294,5997,2051,393668
2023-04-30,East,82479,51830,46425,18117,4159,644152
2023-04-30,West,111476,47531,23175,16231,6390,604166
2023-04-30,Central,94811,20234,60617,34751,5651,690621
2023-05-01,North,86208,19221,65241,12440,9356,603967
2023-05-01,South,70150,21410,47775,24911,14107,549514
2023-05-01,East,121180,24519,29425,20608,4112,560685
2023-05-01,West,93286,11051,46013,34665,12813,585636
2023-05-01,Central,118450,54993,47928,32157,14752,823976
2023-05-02,North,71352,19765,64990,33779,7765,665049
2023-05-02,South,105069,21382,61212,34968,14921,720201
2023-05-02,East,64397,22580,28210,32387,3354,461710
2023-05-02,West,91555,42323,22759,9090,7620,508593
2023-05-02,Central,96959,54757,36091,29945,5754,669217
2023-05-03,North,50728,21939,74407,8743,2209,528664
2023-05-03,South,100517,39964,77566,35924,8232,822450
2023-05-03,East,116234,10307,20002,15196,9846,455635
2023-05-03,West,89954,13359,77282,31279,8171,692448
2023-05-03,Central,97280,39648,70411,8324,2237,674722
2023-05-04,North,129459,45944,60958,24641,10527,762206
2023-05-04,South,66779,44019,50160,32482,14030,643141
2023-05-04,East,113932,48134,40707,37994,10075,791640
2023-05-04,West,122936,37323,35248,19863,3576,628386
2023-05-04,Central,74466,16226,25773,29111,10691,461868
2023-05-05,North,86939,31689,32786,8199,11756,478957
2023-05-05,South,119896,40971,71720,12897,10982,754758
2023-05-05,East,85270,35954,35037,19892,5540,535685
2023-05-05,West,109163,34423,21885,13271,13314,549388
2023-05-05,Central,132637,40391,59828,29815,11327,814408
2023-05-06,North,101934,24330,36331,38357,14136,628188
2023-05-06,South,114895,14891,60612,14552,12540,660282
2023-05-06,East,82307,14992,42495,21267,9257,517673
2023-05-06,West,104098,11961,33450,23268,14516,545983
2023-05-06,Central,110921,22497,29491,19263,2149,558281
2023-05-07,North,55486,42551,71490,10399,13398,636813
2023-05-07,South,58335,20848,29268,34811,13720,504646
2023-05-07,East,136900,23255,72910,34006,3624,805667
2023-05-07,West,139112,14567,47757,6076,9661,640242
2023-05-07,Central,147203,58847,73962,12235,4574,925283
2023-05-08,North,61130,49281,61907,28221,6428,627272
2023-05-08,South,137508,58003,26791,21417,9529,718558
2023-05-08,East,110566,30389,59939,37539,6269,740397
2023-05-08,West,116703,54523,48314,39609,9769,806265
2023-05-08,Central,77192,53919,71883,38902,13476,828317
2023-05-09,North,51062,26567,48583,28645,4108,482246
2023-05-09,South,134076,13358,70021,26682,5947,765528
2023-05-09,East,139780,32999,41550,28401,9899,722556
2023-05-09,West,71545,52358,20093,12771,6914,498387
2023-05-09,Central,71689,20988,55755,13915,8667,539661
2023-05-10,North,61174,50446,65615,18898,4263,638247
2023-05-10,South,138461,41521,29967,6913,11804,624024
2023-05-10,East,59348,15698,36218,32068,5815,517362
2023-05-10,West,73714,11273,63220,6942,14911,530700
2023-05-10,Central,88102,37543,28627,25388,2577,513004
2023-05-11,North,124460,41349,24947,22715,2422,603116
2023-05-11,South,139930,21241,59419,5337,4763,687681
2023-05-11,East,56801,19497,76131,28450,3229,596449
2023-05-11,West,122267,51875,43178,15057,5176,684915
2023-05-11,Central,98136,42703,48876,32713,10945,725057
2023-05-12,North,73625,54041,42908,13983,2687,590080
2023-05-12,South,132873,41954,55912,24995,2722,763194
2023-05-12,East,122592,18002,39971,31092,2746,658101
2023-05-12,West,127052,14247,52584,17145,6337,629176
2023-05-12,Central,94261,51988,69228,28489,4712,811534
2023-05-13,North,51542,31698,78159,36036,2707,678875
2023-05-13,South,71677,29738,28959,34613,10626,532443
2023-05-13,East,96732,20703,75705,33484,2483,721222
2023-05-13,West,100343,58240,48261,7673,13710,660723
2023-05-13,Central,89081,59422,61065,39890,3533,745379
2023-05-14,North,112856,27570,59462,16977,2169,660572
2023-05-14,South,143105,22392,35835,28466,3020,673739
2023-05-14,East,138858,54724,39257,32009,9093,762040
2023-05-14,West,69065,42299,23346,8688,8466,456751
2023-05-14,Central,133460,25641,50807,8748,2847,646905
2023-05-15,North,138092,23998,50418,18665,10887,730291
2023-05-15,South,104693,16305,76176,25641,5346,702113
2023-05-15,East,76962,42726,72300,37500,6013,777787
2023-05-15,West,78295,28782,31340,24230,10078,503423
2023-05-15,Central,63807,22721,78809,30046,2031,651133
2023-05-16,North,92348,49763,79931,14638,10368,776164
2023-05-16,South,76432,22427,53012,25827,13156,586282
2023-05-16,East,133285,56550,55393,26173,12304,846735
2023-05-16,West,141792,30566,56617,18222,9877,717686
2023-05-16,Central,107854,12230,29597,23095,8170,519097
2023-05-17,North,90262,16511,45557,6439,9830,498004
2023-05-17,South,87080,59280,27737,25014,14078,582463
2023-05-17,East,51324,52229,66792,10375,11694,624714
2023-05-17,West,141267,36177,64768,28487,4315,810877
2023-05-17,Central,85909,14765,61101,30702,12836,655447
2023-05-18,North,139339,30354,37276,25600,2065,683962
2023-05-18,South,69870,33929,74639,7466,14420,618503
2023-05-18,East,84578,38820,76403,11928,3928,703214
2023-05-18,West,122124,56040,27310,27480,7011,726109
2023-05-18,Central,76790,39523,55167,14111,9533,600436
2023-05-19,North,75289,15552,57408,34489,8225,629169
2023-05-19,South,105129,10627,39344,14404,7447,513864
2023-05-19,East,143714,21989,30391,38639,2584,706466
2023-05-19,West,144246,23780,76477,17582,8470,808990
2023-05-19,Central,65485,16589,70621,5863,8685,570371
2023-05-20,North,94482,44812,30892,32684,7244,644637
2023-05-20,South,136188,38128,31197,8055,10154,637549
2023-05-20,East,54748,55939,33050,17186,9951,466262
2023-05-20,West,136769,48652,56142,7682,3748,755805
2023-05-20,Central,59435,37790,65679,26832,9670,613226
2023-05-21,North,53709,50953,61615,21997,4204,626054
2023-05-21,South,80355,10249,67553,39640,13822,693780
2023-05-21,East,105771,29309,63728,16346,3892,686041
2023-05-21,West,107799,35901,33535,12189,9018,589212
2023-05-21,Central,63116,33576,61002,26770,12621,614002
2023-05-22,North,75470,41508,63271,5244,5093,564330
2023-05-22,South,92344,19175,77075,37788,2973,719460
2023-05-22,East,92918,35464,25122,34805,6024,566445
2023-05-22,West,102224,26260,29852,18917,12834,545344
2023-05-22,Central,89298,45440,25387,10767,11634,547448
2023-05-23,North,130219,39546,51759,33390,8615,799928
2023-05-23,South,111629,50047,60399,15247,6329,781226
2023-05-23,East,116040,51430,59994,8515,8715,711572
2023-05-23,West,149518,11987,57876,39678,3477,810366
2023-05-23,Central,149835,59242,71376,27266,7689,966133
2023-05-24,North,78016,35105,54878,15750,10962,594584
2023-05-24,South,73960,22948,53725,34583,9329,589123
2023-05-24,East,83591,23026,27146,13076,8444,436983
2023-05-24,West,132848,12773,20560,23006,10497,540922
2023-05-24,Central,117641,55927,78674,20051,2001,884973
2023-05-25,North,86395,19878,76565,9314,10462,651969
2023-05-25,South,72700,52946,21312,33670,14708,590410
2023-05-25,East,84620,20377,38205,7015,13406,478618
2023-05-25,West,70559,17347,31595,15236,8843,421254
2023-05-25,Central,143045,43776,42030,31367,11055,795701
2023-05-26,North,143396,13783,41329,21352,7972,657880
2023-05-26,South,111642,14298,58142,15346,9903,626163
2023-05-26,East,126539,14668,22651,30156,7105,578045
2023-05-26,West,71732,30671,30006,19035,12931,462533
2023-05-26,Central,141362,44820,62701,21108,9702,837291
2023-05-27,North,80354,44484,73853,7853,4914,664846
2023-05-27,South,63843,43078,68940,23620,7156,647291
2023-05-27,East,121726,57159,55645,9176,10298,763896
2023-05-27,West,67640,30922,41966,39923,5168,615700
2023-05-27,Central,102528,44028,47846,30920,14836,743241
2023-05-28,North,88413,55925,41774,11829,4599,600850
2023-05-28,South,102638,30316,24083,39654,7716,611383
2023-05-28,East,102736,21460,53513,30130,4235,666064
2023-05-28,West,118866,26968,28749,13391,4799,551914
2023-05-28,Central,69087,40266,50783,24324,9013,599327
2023-05-29,North,91430,40209,37325,5306,11703,547354
2023-05-29,South,74504,34000,73175,35543,7473,770558
2023-05-29,East,57114,24011,38680,12244,2018,421574
2023-05-29,West,128859,12866,37323,11611,2858,531043
2023-05-29,Central,149657,57133,70762,27706,11608,927850
2023-05-30,North,60975,15898,42684,24076,7380,466469
2023-05-30,South,61023,28395,54493,38043,5032,573991
2023-05-30,East,71447,49019,78328,10271,6505,685294
2023-05-30,West,140469,47707,78931,12331,11618,920916
2023-05-30,Central,73959,14006,32213,16553,7789,419052
2023-05-31,North,116203,44393,51831,36340,4531,745516
2023-05-31,South,79703,20956,62296,16573,9471,584105
2023-05-31,East,59337,40663,66930,26409,6719,641842
2023-05-31,West,96427,16078,47713,25434,14943,579281
2023-05-31,Central,111529,39631,61621,29464,6863,736282
2023-06-01,North,134665,40140,27187,25662,6038,694848
2023-06-01,South,81921,51691,52800,23228,14305,690998
2023-06-01,East,83307,13961,52583,12386,12423,519024
2023-06-01,West,77355,39277,67661,11862,4452,609175
2023-06-01,Central,54835,51574,34408,31252,4846,538166
2023-06-02,North,70159,41417,42369,14487,10064,515436
2023-06-02,South,97605,32484,67928,19604,13394,696988
2023-06-02,East,88088,28103,23414,22427,8622,535261
2023-06-02,West,128752,39345,70308,32201,12008,862643
2023-06-02,Central,105284,56326,39510,8042,11972,629958
2023-06-03,North,107043,49454,77404,15386,14295,821617
2023-06-03,South,85547,11587,32120,16692,10896,438721
2023-06-03,East,147007,52571,54311,20225,11533,828215
2023-06-03,West,132844,31031,53039,21693,5462,687125
2023-06-03,Central,77532,36212,25295,11661,13782,497504
2023-06-04,North,84349,20350,40460,23261,3159,517459
2023-06-04,South,95445,28816,34963,32378,6626,575112
2023-06-04,East,55713,30288,31580,26219,9056,479334
2023-06-04,West,106178,39432,42286,16937,5722,602654
2023-06-04,Central,99407,54222,47328,5794,13630,628295
2023-06-05,North,120340,58617,39093,11786,5560,677863
2023-06-05,South,100990,16837,78498,32032,13274,731687
2023-06-05,East,125672,44217,41605,31427,8117,726410
2023-06-05,West,115545,30884,65365,22358,8589,734442
2023-06-05,Central,134791,15454,64813,34790,11907,786013
2023-06-06,North,108141,19424,66371,25621,8849,674987
2023-06-06,South,73793,46885,62705,33365,4243,696334
2023-06-06,East,106570,51637,67598,18189,10177,787356
2023-06-06,West,145084,53618,77681,16213,3760,913502
2023-06-06,Central,87892,28412,26722,12248,7442,459655
2023-06-07,North,51015,57111,60969,9369,14199,600159
2023-06-07,South,111813,49613,56912,13050,11988,720714
2023-06-07,East,77712,30142,58374,33605,9679,627343
2023-06-07,West,58415,47392,26766,20398,4675,465217
2023-06-07,Central,112292,18848,69882,38055,9124,784167
2023-06-08,North,73833,59317,35928,8195,7781,566732
2023-06-08,South,54158,23136,41274,30451,5236,495187
2023-06-08,East,112680,10589,54416,12450,7898,537277
2023-06-08,West,70309,30908,40612,7925,10235,463521
2023-06-08,Central,56970,16509,54898,19515,10680,510558
2023-06-09,North,122474,50461,67160,10310,6276,809092
2023-06-09,South,136704,52222,49047,36817,13340,849862
2023-06-09,East,96540,59223,63356,32408,6723,801234
2023-06-09,West,70384,54476,57134,24280,11148,672936
2023-06-09,Central,68017,55710,21506,22105,12306,499045
2023-06-10,North,125880,59420,71310,23547,7644,882941
2023-06-10,South,58702,19968,72068,15774,3115,525943
2023-06-10,East,50384,12462,35222,20457,3781,381690
2023-06-10,West,50404,19460,32363,8980,13018,373088
2023-06-10,Central,90943,43783,39613,25886,10842,630429
2023-06-11,North,97926,19275,64563,16576,3876,600691
2023-06-11,South,79189,38677,50628,36891,7363,646179
2023-06-11,East,62763,23269,62626,38262,10532,645974
2023-06-11,West,68384,10406,65384,5947,13142,512269
2023-06-11,Central,110100,17384,75417,5022,5375,643347
2023-06-12,North,148142,32553,24136,6128,12637,589857
2023-06-12,South,59860,34366,66246,18986,4750,609739
2023-06-12,East,130642,54036,31161,37322,12336,769343
2023-06-12,West,100612,27369,55457,21160,11546,630001
2023-06-12,Central,73574,21795,43574,14808,5276,482222
2023-06-13,North,73524,14485,46902,34612,2448,524788
2023-06-13,South,119172,51669,22810,26725,7537,658816
2023-06-13,East,60916,12618,79860,11998,6172,588993
2023-06-13,West,54809,40143,31663,28418,14836,491621
2023-06-13,Central,82201,39425,26152,23040,10989,534146
2023-06-14,North,103330,32673,20012,25557,5496,539613
2023-06-14,South,63456,19603,31162,26825,4182,401458
2023-06-14,East,106397,49696,42322,13998,5326,660665
2023-06-14,West,88765,15368,27999,20802,10837,516472
2023-06-14,Central,84816,14621,27219,16167,2719,429562
2023-06-15,North,95106,24719,25328,18338,3522,511653
2023-06-15,South,103932,39227,23621,15753,8756,519551
2023-06-15,East,67100,53894,72835,10984,8627,662094
2023-06-15,West,107091,17566,44256,23895,3069,588644
2023-06-15,Central,71949,22306,64433,5362,7562,521339
2023-06-16,North,120080,34042,74462,8454,9749,750022
2023-06-16,South,87744,25086,31314,26004,14935,560825
2023-06-16,East,95543,27387,20652,22601,6887,478842
2023-06-16,West,142193,37042,74951,10349,6674,836932
2023-06-16,Central,86187,33888,36182,15047,13267,502592
2023-06-17,North,57239,36514,61580,12750,13999,560207
2023-06-17,South,64489,28323,56558,34393,13553,615966
2023-06-17,East,108017,28019,35659,27463,4156,582628
2023-06-17,West,111877,19890,54413,14399,9944,616202
2023-06-17,Central,93125,50863,30435,18686,14747,629959
2023-06-18,North,99922,55487,73664,39275,12505,898193
2023-06-18,South,144074,20283,73911,27787,13697,855727
2023-06-18,East,82049,28279,48067,19776,6139,584545
2023-06-18,West,87131,56999,42258,34527,7629,681551
2023-06-18,Central,92944,32908,48287,20797,9087,590738
2023-06-19,North,123963,57466,23688,10302,7078,611118
2023-06-19,South,74285,47952,27689,5908,8405,464632
2023-06-19,East,87626,45170,21379,20123,8871,516073
2023-06-19,West,92808,47663,57011,17877,2632,681449
2023-06-19,Central,138464,54172,63005,19239,4199,842894
2023-06-20,North,103871,57929,47624,26435,13255,739479
2023-06-20,South,69198,19343,45964,32313,7353,540399
2023-06-20,East,69758,20637,42891,22715,4910,519090
2023-06-20,West,65254,44724,69098,28235,2622,651929
2023-06-20,Central,94238,49791,76971,31129,8073,833742
2023-06-21,North,51252,39134,77745,15534,2360,573375
2023-06-21,South,89764,56830,71805,39574,12559,834429
2023-06-21,East,127709,57101,58379,22189,8365,848694
2023-06-21,West,87441,13907,75279,25531,10401,677616
2023-06-21,Central,142234,43575,32516,15967,13659,690243
2023-06-22,North,103682,56799,33886,21455,11122,680788
2023-06-22,South,109494,14827,40307,5027,14776,538492
2023-06-22,East,131317,40607,44843,13660,5943,700273
2023-06-22,West,115215,23699,66484,30339,14888,757005
2023-06-22,Central,128587,47292,25912,14616,6869,651084
2023-06-23,North,56949,57961,41514,15440,10128,543729
2023-06-23,South,105393,35883,41823,18107,2877,593728
2023-06-23,East,123553,58991,77032,33646,6795,962820
2023-06-23,West,56941,15313,48797,31251,9791,502441
2023-06-23,Central,75934,23598,26449,20954,12691,424509
2023-06-24,North,73386,55826,21725,21943,4523,544939
2023-06-24,South,111886,59909,35870,25215,14543,747486
2023-06-24,East,125745,38807,29304,15110,8270,612709
2023-06-24,West,133251,14887,27522,26555,10583,560096
2023-06-24,Central,144456,13854,33663,21462,14094,639554
2023-06-25,North,103413,55226,24784,18696,8623,647474
2023-06-25,South,106800,24536,29472,6031,7088,497831
2023-06-25,East,147239,13558,70384,28765,9564,825500
2023-06-25,West,92318,19772,48952,20816,9066,593443
2023-06-25,Central,120173,46343,30055,22868,8545,676235
2023-06-26,North,120390,45186,49508,15437,4321,734487
2023-06-26,South,102329,46966,32676,20453,10149,640910
2023-06-26,East,93088,43769,45192,27222,10125,658707
2023-06-26,West,89811,49887,44722,19258,14173,626508
2023-06-26,Central,105479,29229,27446,39318,10330,628035
2023-06-27,North,135392,19673,73768,17977,10294,772209
2023-06-27,South,137369,37877,24725,23213,7333,666200
2023-06-27,East,69963,41601,40061,15223,10675,517327
2023-06-27,West,105123,48084,67537,25843,9858,781361
2023-06-27,Central,142705,26244,42671,8856,6319,650035
2023-06-28,North,123477,37356,77632,17661,7389,789095
2023-06-28,South,64388,26806,21409,20591,14265,428419
2023-06-28,East,55569,33099,28205,11182,3848,413609
2023-06-28,West,119836,54641,36365,12970,12076,716722
2023-06-28,Central,86586,47034,20256,39862,5205,573811
2023-06-29,North,62015,50317,70873,35755,4161,741061
2023-06-29,South,95002,29094,35704,24416,3464,520426
2023-06-29,East,56254,20589,70575,18672,2643,555189
2023-06-29,West,67144,11657,49902,22932,13628,511369
2023-06-29,Central,74214,42764,74105,13559,7351,688689
2023-06-30,North,130719,49531,55758,5064,6553,718858
2023-06-30,South,121774,13164,21195,8299,8518,479684
2023-06-30,East,56090,37542,73711,9849,7723,619780
2023-06-30,West,61637,28437,73517,10639,9946,568055
2023-06-30,Central,72415,51247,54012,16055,2610,573068
2023-07-01,North,74071,48505,31415,27058,6302,585249
2023-07-01,South,108243,29601,59534,34427,3543,705176
2023-07-01,East,91240,38430,41686,21980,13731,623665
2023-07-01,West,133807,16009,31662,15866,3466,610657
2023-07-01,Central,83434,59759,68978,8889,11108,733829
2023-07-02,North,119724,14552,48743,36335,8236,662155
2023-07-02,South,125697,19417,52161,31162,3181,667321
2023-07-02,East,78732,51989,70458,28913,4146,728547
2023-07-02,West,61314,12671,63081,29687,4272,559527
2023-07-02,Central,73954,16519,22402,38220,11043,474907
2023-07-03,North,107108,46730,69648,15995,6536,782843
2023-07-03,South,137044,22734,72551,7631,2719,746505
2023-07-03,East,137505,55890,33275,39954,6680,783118
2023-07-03,West,86668,13722,48182,10967,12206,530281
2023-07-03,Central,73061,14906,34915,27758,5472,505255
2023-07-04,North,129252,40096,20909,26742,5642,625633
2023-07-04,South,89749,50031,68574,31580,14062,797007
2023-07-04,East,66907,23699,20372,39227,2063,443781
2023-07-04,West,68777,31438,42620,6942,2559,463316
2023-07-04,Central,143229,53856,54112,33069,9446,852881
2023-07-05,North,101745,43576,28515,26806,3733,625223
2023-07-05,South,141865,51938,22431,19407,10861,679811
2023-07-05,East,131818,59028,41054,19557,5894,759883
2023-07-05,West,73624,59877,71936,21445,3542,746281
2023-07-05,Central,73321,42247,52624,22878,11463,685720
2023-07-06,North,60488,53461,30585,22564,4415,516432
2023-07-06,South,72574,37938,68230,18093,12983,641917
2023-07-06,East,55240,50469,51958,31451,14905,635783
2023-07-06,West,93221,27600,78559,29086,8090,731059
2023-07-06,Central,60478,30435,21695,21489,7217,409176
2023-07-07,North,105645,28581,54675,33004,7387,713391
2023-07-07,South,69262,24191,73966,25471,7179,631664
2023-07-07,East,102796,29190,69932,31284,10187,765395
2023-07-07,West,54432,37386,53787,23292,8643,574122
2023-07-07,Central,145257,41721,64225,23433,9660,851528
2023-07-08,North,114291,23704,21403,19568,13246,550821
2023-07-08,South,129104,12123,37810,14466,4458,564027
2023-07-08,East,109399,35174,28855,30521,13257,587722
2023-07-08,West,129714,54301,58636,20467,11355,817261
2023-07-08,Central,100428,59376,30839,37019,8028,699742
2023-07-09,North,137731,57216,20010,15419,7447,657472
2023-07-09,South,50302,24586,59098,21676,6559,537846
2023-07-09,East,132558,41976,67829,34255,4749,873315
2023-07-09,West,50055,35416,29230,36514,3948,488363
2023-07-09,Central,58717,11814,71977,27650,8306,585502
2023-07-10,North,78699,23001,60232,27754,10251,648695
2023-07-10,South,123686,26508,67514,17165,10092,717576
2023-07-10,East,117661,29630,55771,15683,13294,680977
2023-07-10,West,94247,23380,49256,37556,10524,675231
2023-07-10,Central,66748,58174,45651,20442,14363,634984
2023-07-11,North,54621,45699,52383,9860,2189,517368
2023-07-11,South,65034,56335,59963,8729,13752,637308
2023-07-11,East,55126,56806,75872,36351,8008,744001
2023-07-11,West,55122,22317,72240,29346,9482,618616
2023-07-11,Central,68030,45739,33662,13619,2295,507957
2023-07-12,North,132838,44785,33739,16164,12740,709297
2023-07-12,South,134717,41980,68356,11955,10368,811953
2023-07-12,East,105658,33799,21789,5106,10168,518177
2023-07-12,West,88638,45183,39420,9754,2799,525708
2023-07-12,Central,117067,39166,43761,26662,10997,656266
2023-07-13,North,138869,29480,60366,11408,9003,691361
2023-07-13,South,84674,11609,57606,6225,11934,544912
2023-07-13,East,85854,10717,58640,17196,10406,574417
2023-07-13,West,96271,29945,72805,9250,12071,663883
2023-07-13,Central,123688,35592,64135,20372,4700,745540
2023-07-14,North,88518,38141,57067,22279,10788,670268
2023-07-14,South,60267,40009,78420,35193,11909,716901
2023-07-14,East,140825,55430,37357,31868,11547,786068
2023-07-14,West,51062,16782,59851,33475,14415,550305
2023-07-14,Central,100448,36536,58262,7433,11484,627949
2023-07-15,North,145462,43816,79209,15998,12790,894395
2023-07-15,South,56229,35933,31317,36133,7873,549111
2023-07-15,East,106793,21618,78643,39069,13629,790265
2023-07-15,West,97915,18307,72558,11858,6714,643406
2023-07-15,Central,54632,36671,41534,13950,8491,487748
2023-07-16,North,53596,50673,45734,13938,10333,549105
2023-07-16,South,56168,52761,55897,30168,13408,644577
2023-07-16,East,57561,20338,52872,37099,4839,568302
2023-07-16,West,123794,48346,60201,10644,14532,770045
2023-07-16,Central,132152,56602,27689,14260,5513,662852
2023-07-17,North,76734,16548,23567,21488,12942,409784
2023-07-17,South,56371,50149,40732,5395,11906,474130
2023-07-17,East,76069,31164,40774,15845,3135,523405
2023-07-17,West,129905,37526,43195,23394,8357,737254
2023-07-17,Central,62910,41222,70333,33457,13913,707213
2023-07-18,North,123479,30176,57412,26352,12101,773345
2023-07-18,South,127735,12941,67734,26146,4247,728053
2023-07-18,East,131264,15695,64098,22435,8548,704365
2023-07-18,West,73275,49169,42257,24968,6516,595953
2023-07-18,Central,122274,57947,24394,13539,6102,666529
2023-07-19,North,131449,57224,56302,6263,3548,742449
2023-07-19,South,110004,55865,42228,18305,12831,698527
2023-07-19,East,112981,35553,75091,29398,14958,845997
2023-07-19,West,134659,48965,32388,37080,8532,782274
2023-07-19,Central,104553,48218,31319,15265,6511,603880
2023-07-20,North,98447,35359,26475,37152,4831,608481
2023-07-20,South,84529,34816,51555,32724,11198,680177
2023-07-20,East,125703,18378,38158,35624,13413,679704
2023-07-20,West,126090,11881,34728,39119,5062,662430
2023-07-20,Central,67260,49567,64774,34389,14715,739177
2023-07-21,North,53812,57365,49545,21650,9975,597572
2023-07-21,South,78024,23675,51100,31014,5052,597828
2023-07-21,East,108656,14586,77435,15885,14621,702268
2023-07-21,West,77285,35006,36150,12434,12511,492060
2023-07-21,Central,142436,51198,53214,35028,9210,840729
2023-07-22,North,51605,32831,52876,6022,5539,467032
2023-07-22,South,121158,45113,23239,29331,12558,665224
2023-07-22,East,122303,26459,58699,7037,2526,685633
2023-07-22,West,77139,42443,56821,13756,4807,613542
2023-07-22,Central,127149,52316,50615,22443,11387,782434
2023-07-23,North,106138,40595,33746,39192,3753,664799
2023-07-23,South,126125,15877,40921,9123,11864,575138
2023-07-23,East,63918,49553,42745,21603,8882,575423
2023-07-23,West,135655,58601,21245,5405,12220,637762
2023-07-23,Central,77446,14922,71872,23702,3654,609636
2023-07-24,North,63046,14686,66607,31250,14741,623373
2023-07-24,South,74818,42766,44853,26442,6841,582834
2023-07-24,East,54324,24407,47632,22693,6041,486068
2023-07-24,West,126323,42006,32856,29005,7024,675062
2023-07-24,Central,59111,41422,76893,33988,11039,723003
2023-07-25,North,88110,22205,25105,37333,11059,557168
2023-07-25,South,66389,31054,55690,34992,10965,633296
2023-07-25,East,91427,33527,22513,14522,10734,487077
2023-07-25,West,129579,55947,78182,17121,6417,896081
2023-07-25,Central,78746,28443,22801,19219,10977,480272
2023-07-26,North,137886,26524,52345,6617,13497,684610
2023-07-26,South,50117,38202,33895,29276,6635,523074
2023-07-26,East,134471,10016,59749,39351,4883,761103
2023-07-26,West,63234,56142,28221,11704,7884,503975
2023-07-26,Central,103441,26848,75654,22959,2448,702961
2023-07-27,North,50846,30855,26038,33522,5310,418105
2023-07-27,South,60954,28211,52031,14953,6585,511916
2023-07-27,East,129239,35095,75381,31567,12097,884530
2023-07-27,West,96514,48724,78601,27560,14751,834393
2023-07-27,Central,138236,59241,35082,7613,10108,729520
2023-07-28,North,147579,47583,34648,29496,6409,758072
2023-07-28,South,56469,12843,20364,22765,9873,362230
2023-07-28,East,80105,39301,54568,30721,13443,671180
2023-07-28,West,92101,36460,34110,8515,8051,485947
2023-07-28,Central,114323,41918,25958,9454,10576,605412
2023-07-29,North,141922,38747,29096,27873,2294,713524
2023-07-29,South,108067,25972,27436,13384,3238,529716
2023-07-29,East,99376,38310,41177,18727,10041,639403
2023-07-29,West,95587,32927,46754,8534,4816,554926
2023-07-29,Central,86976,11094,44544,38523,3098,585839
2023-07-30,North,117584,48892,32638,36889,3737,698388
2023-07-30,South,128477,44172,20179,30465,4189,652390
2023-07-30,East,92533,33324,23873,35593,4765,526057
2023-07-30,West,51828,30674,73112,26330,3222,609663
2023-07-30,Central,51917,13982,37570,13302,13434,364838
2023-07-31,North,70618,55283,68223,17907,8549,669975
2023-07-31,South,82254,25790,37157,29430,14091,561745
2023-07-31,East,97362,22205,65565,12181,14515,629788
2023-07-31,West,70128,34338,24460,17875,2410,450335
2023-07-31,Central,109383,22748,68084,32219,13191,786685
2023-08-01,North,115545,31097,20352,20005,4945,531034
2023-08-01,South,132180,13092,76095,19245,10102,756372
2023-08-01,East,137958,32692,41586,11457,6786,676276
2023-08-01,West,59865,33862,25344,11749,11069,402485
2023-08-01,Central,52219,34860,24507,38064,2786,457643
2023-08-02,North,89809,23971,57598,14821,4109,578030
2023-08-02,South,55287,24616,63988,37761,7446,632690
2023-08-02,East,84387,14933,52885,18119,7835,511028
2023-08-02,West,58512,14926,36865,12664,3986,373864
2023-08-02,Central,51342,35763,57055,34281,10126,634717
2023-08-03,North,113076,13969,47213,36821,11070,602479
2023-08-03,South,69216,45733,75954,29647,9300,733872
2023-08-03,East,143070,14319,77450,9382,11799,797465
2023-08-03,West,129767,51743,24477,21449,7709,706243
2023-08-03,Central,147829,49876,26533,22263,4403,728046
2023-08-04,North,76614,51909,69395,29643,10262,772553
2023-08-04,South,86258,30323,79976,14408,12502,682977
2023-08-04,East,143789,26428,43396,28606,6401,707934
2023-08-04,West,92078,44578,32755,32603,8701,660744
2023-08-04,Central,133524,30950,20865,10069,5295,550674
2023-08-05,North,146573,53041,31173,24623,10953,720792
2023-08-05,South,62219,51789,78905,21891,14875,741271
2023-08-05,East,50235,28293,58097,12704,4121,491740
2023-08-05,West,92929,16364,53371,33290,5582,624200
2023-08-05,Central,117444,45349,58524,32460,6197,742131
2023-08-06,North,58567,10691,31254,22509,11821,352965
2023-08-06,South,120792,40062,24018,22269,7700,617630
2023-08-06,East,115441,10931,25192,12975,9232,479977
2023-08-06,West,134555,55896,22015,11565,6288,636051
2023-08-06,Central,123698,41730,62618,27467,3085,795021
2023-08-07,North,55415,24226,23380,9870,12649,349000
2023-08-07,South,86159,23861,48343,23909,14587,587899
2023-08-07,East,93925,41301,23770,14117,13458,521145
2023-08-07,West,55951,58243,25829,6938,10645,481204
2023-08-07,Central,137388,32766,54381,33390,4621,747821
2023-08-08,North,58007,46174,65915,25128,10810,643820
2023-08-08,South,91832,51107,35545,36781,10828,697265
2023-08-08,East,108596,27695,38263,8465,4348,529207
2023-08-08,West,80523,51347,58140,5440,6874,623095
2023-08-08,Central,138861,13121,73260,10413,5036,759461
2023-08-09,North,136740,28257,63306,16663,12441,766215
2023-08-09,South,65524,38164,45675,24547,12913,615552
2023-08-09,East,69282,35491,78418,21126,4349,703986
2023-08-09,West,73930,33165,45362,5005,7743,485738
2023-08-09,Central,50077,58714,20148,12038,6432,411643
2023-08-10,North,70611,13748,21754,11414,8175,349008
2023-08-10,South,66984,43045,46745,27123,12186,610478
2023-08-10,East,64060,36553,27378,8970,9265,436171
2023-08-10,West,132985,54331,66359,16050,8103,846563
2023-08-10,Central,134056,40497,75833,7606,13012,794099
2023-08-11,North,93303,41308,40140,21482,9358,596078
2023-08-11,South,109207,49560,29371,38293,11263,706903
2023-08-11,East,125046,56686,46999,11337,4031,758228
2023-08-11,West,79287,20374,32779,38948,3249,511332
2023-08-11,Central,143709,14675,51075,29451,11487,732201
2023-08-12,North,89711,11170,50697,31265,8808,580422
2023-08-12,South,61954,51449,78268,30714,5556,743822
2023-08-12,East,123340,53485,74544,25875,10519,854636
2023-08-12,West,122101,22450,29795,18057,10988,578720
2023-08-12,Central,121520,20680,72204,37400,7299,824569
2023-08-13,North,137062,20068,58460,10922,13053,668552
2023-08-13,South,68574,45230,24218,8071,14952,482070
2023-08-13,East,59184,56418,57571,27025,12985,644157
2023-08-13,West,69096,36206,71529,32503,5094,696585
2023-08-13,Central,117728,10287,31672,28765,4977,572276
2023-08-14,North,84016,32337,74238,37782,2962,749667
2023-08-14,South,61246,30666,51042,23799,7725,541357
2023-08-14,East,95558,11161,55950,32476,7489,638071
2023-08-14,West,68381,59281,31009,21212,3268,528464
2023-08-14,Central,86455,45131,67096,14428,7279,703261
2023-08-15,North,142263,34535,39544,36419,2372,740348
2023-08-15,South,54018,42528,75728,13159,6380,630797
2023-08-15,East,61302,48751,49381,29310,12760,618108
2023-08-15,West,117506,26527,45287,11004,9617,642884
2023-08-15,Central,91157,50975,22586,16412,14934,567244
2023-08-16,North,104917,33853,22648,16755,13885,553910
2023-08-16,South,142738,24758,60081,24017,11796,794845
2023-08-16,East,146646,10244,38101,8890,8279,592604
2023-08-16,West,133122,13178,65312,33840,2095,762002
2023-08-16,Central,74519,41831,41692,22175,6369,572214
2023-08-17,North,146809,12176,27407,14191,5941,587627
2023-08-17,South,137487,47770,37254,5151,9021,663201
2023-08-17,East,106819,43654,35234,24447,11392,633162
2023-08-17,West,130910,36627,72726,27751,5944,860712
2023-08-17,Central,121324,56489,42211,34175,7868,792703
2023-08-18,North,55408,54910,49480,29288,7396,601682
2023-08-18,South,109379,34881,67780,17274,10041,767796
2023-08-18,East,75053,45422,77138,17218,2131,685547
2023-08-18,West,59446,21984,44846,28792,13307,523709
2023-08-18,Central,50922,33776,62503,7977,9290,548518
2023-08-19,North,148723,27755,77893,22226,11582,890782
2023-08-19,South,101356,17135,66193,34022,8516,691566
2023-08-19,East,60789,10320,68466,8793,11341,520598
2023-08-19,West,147720,47422,35321,6659,13702,697356
2023-08-19,Central,116656,38635,32646,21040,7906,635972
2023-08-20,North,94028,31684,74921,9270,13839,687415
2023-08-20,South,114484,33238,42117,18286,2807,615951
2023-08-20,East,82154,31889,79056,8603,2050,632239
2023-08-20,West,132870,40313,72392,22600,13400,872285
2023-08-20,Central,52336,42535,78706,7291,7277,598465
2023-08-21,North,117779,58899,24893,18123,2055,667624
2023-08-21,South,69029,20770,29476,8811,5664,389076
2023-08-21,East,109201,49321,37270,18347,2743,649439
2023-08-21,West,82265,30426,75006,36276,14730,784175
2023-08-21,Central,93872,54327,41702,20513,8030,643712
2023-08-22,North,96197,51777,71410,10142,10131,746659
2023-08-22,South,105180,56250,24382,28246,13068,664105
2023-08-22,East,73710,17498,21785,30507,2079,421510
2023-08-22,West,79486,49404,65798,31714,14664,754891
2023-08-22,Central,121907,50130,31735,17194,14132,685436
2023-08-23,North,121895,26395,50177,12526,4966,672422
2023-08-23,South,114435,59346,50712,24362,5728,755398
2023-08-23,East,90631,12537,76879,9595,6536,625276
2023-08-23,West,70103,29226,36679,35394,2125,535239
2023-08-23,Central,114772,25216,63013,20402,7813,705530
2023-08-24,North,64382,28613,55365,32140,10410,589728
2023-08-24,South,134291,13009,37064,27595,2947,622106
2023-08-24,East,53756,34368,50563,29911,14565,603928
2023-08-24,West,70609,39327,74042,30752,2594,706040
2023-08-24,Central,66478,24209,73450,24405,7030,633621
2023-08-25,North,89666,58443,53092,29220,2140,701364
2023-08-25,South,125683,25029,67928,38953,13085,845331
2023-08-25,East,149097,12077,77104,8447,5055,774003
2023-08-25,West,121315,23907,46867,15662,11822,643482
2023-08-25,Central,127834,46635,65382,9899,11068,815822
2023-08-26,North,64153,58920,53754,33582,6205,671453
2023-08-26,South,126325,14873,39502,6935,7171,536207
2023-08-26,East,62999,18635,20760,15335,9782,367780
2023-08-26,West,105318,43065,44142,22669,4660,640775
2023-08-26,Central,50814,55863,64653,13545,8856,623168
2023-08-27,North,126077,51804,61996,23269,8089,817671
2023-08-27,South,140474,43783,37290,12066,13582,724146
2023-08-27,East,52443,44152,25499,15712,7318,426073
2023-08-27,West,125993,51513,20364,20991,12221,655528
2023-08-27,Central,125916,39092,76921,26649,4552,845830
2023-08-28,North,123319,27653,39797,39315,5611,715919
2023-08-28,South,67368,42463,60795,35806,10062,661825
2023-08-28,East,65328,44028,52535,17210,3040,553903
2023-08-28,West,106942,50469,66300,39136,10506,830371
2023-08-28,Central,141751,30947,67176,20945,9603,786748
2023-08-29,North,149131,39978,36105,34665,13651,798057
2023-08-29,South,77306,32056,27939,18644,6172,491224
2023-08-29,East,135451,39007,33936,9917,13217,674377
2023-08-29,West,89915,53169,62029,24868,4946,726425
2023-08-29,Central,87219,58287,35863,16877,5236,596654
2023-08-30,North,130879,54632,32561,18224,5680,677538
2023-08-30,South,114644,58449,30447,8052,6807,651612
2023-08-30,East,110279,15543,50624,32272,13298,659925
2023-08-30,West,103028,31067,66940,35668,3537,735926
2023-08-30,Central,50126,55256,64646,22316,5872,654525
2023-08-31,North,102329,35097,32411,12240,3867,534547
2023-08-31,South,77632,52847,39465,36559,3161,623420
2023-08-31,East,115310,53512,58216,8238,5920,705000
2023-08-31,West,105176,13809,39642,5565,7693,499608
2023-08-31,Central,136066,32191,51262,26762,5882,725770
2023-09-01,North,94327,31267,50363,10558,12948,592207
2023-09-01,South,118904,17206,22107,21375,12104,519030
2023-09-01,East,53797,31057,27928,30710,9738,447416
2023-09-01,West,97882,38992,68002,16103,10456,701202
2023-09-01,Central,63718,56514,39317,20174,14620,589139
2023-09-02,North,84560,25995,69078,26793,8331,682524
2023-09-02,South,126589,58803,71981,32597,7182,927745
2023-09-02,East,72116,54439,45017,13753,11494,579137
2023-09-02,West,86244,23210,33528,11318,11386,509567
2023-09-02,Central,51645,27793,74158,38069,3526,703836
2023-09-03,North,97523,36270,33313,25151,10131,585761
2023-09-03,South,69256,15197,21559,13701,13796,345168
2023-09-03,East,103173,58321,70893,11962,6394,736290
2023-09-03,West,87430,17452,35167,35041,12440,549186
2023-09-03,Central,89282,51486,35343,12248,3158,554336
2023-09-04,North,113374,24859,58598,24829,6367,692142
2023-09-04,South,118244,37236,27523,7203,6630,566046
2023-09-04,East,61694,41899,69777,30370,5513,650639
2023-09-04,West,106264,42083,48439,15386,12270,660625
2023-09-04,Central,125060,12172,70842,5434,3144,647721
2023-09-05,North,147416,55926,35524,39474,2068,861420
2023-09-05,South,107545,26663,33285,29644,5717,569547
2023-09-05,East,89224,37540,30973,23288,13200,552303
2023-09-05,West,147945,29053,77434,8959,11018,820820
2023-09-05,Central,63224,21085,42694,16143,11361,456271
2023-09-06,North,90738,40564,55774,27540,11175,713035
2023-09-06,South,75150,34209,24302,34969,14768,519240
2023-09-06,East,113731,13981,70240,16561,14169,675214
2023-09-06,West,99688,31153,42391,27578,13526,660204
2023-09-06,Central,149929,15247,24611,17787,12532,582507
2023-09-07,North,123509,20553,29372,11512,12207,569317
2023-09-07,South,58577,30811,44312,15596,11644,484946
2023-09-07,East,58070,39845,34080,36746,12325,541924
2023-09-07,West,58666,16135,35082,24930,11231,434958
2023-09-07,Central,107761,15573,67409,35201,6723,699996
2023-09-08,North,86368,23731,62861,23687,6213,652028
2023-09-08,South,56783,17189,50677,35183,8413,538920
2023-09-08,East,91914,24541,40874,25758,5466,585808
2023-09-08,West,120507,53646,28378,6082,5026,630583
2023-09-08,Central,129026,21087,21597,35832,8998,626442
2023-09-09,North,117526,56435,31600,22976,14449,669778
2023-09-09,South,120835,12776,23747,10526,4747,462352
2023-09-09,East,95765,52079,33879,36086,9271,693026
2023-09-09,West,69956,37564,71822,26563,14454,697858
2023-09-09,Central,137895,38835,33017,11472,14587,675644
2023-09-10,North,96240,17697,44815,7775,8171,514726
2023-09-10,South,87148,24629,38964,20828,13687,539291
2023-09-10,East,144270,18386,48812,22974,5855,716233
2023-09-10,West,54757,27046,60200,27388,10753,541646
2023-09-10,Central,69097,18044,44714,20055,4203,477934
2023-09-11,North,60395,19615,38890,23615,5419,460212
2023-09-11,South,66241,57802,24725,27838,3144,545803
2023-09-11,East,77696,15060,63205,17464,4699,536872
2023-09-11,West,120480,20900,40684,12240,11743,567899
2023-09-11,Central,96163,15581,46325,9942,14213,527810
2023-09-12,North,69816,44782,77911,24622,2560,710571
2023-09-12,South,99840,30173,52542,18536,3187,652638
2023-09-12,East,102853,22997,66037,6600,5133,606077
2023-09-12,West,74917,53403,33092,10700,5411,518278
2023-09-12,Central,146731,56416,50382,15248,3689,830179
2023-09-13,North,71566,17148,59770,22093,6407,580860
2023-09-13,South,125452,28748,45457,24355,4423,653510
2023-09-13,East,112823,24022,26131,22177,3369,556513
2023-09-13,West,70806,30013,66029,24483,8007,649522
2023-09-13,Central,125520,48687,45215,5026,8728,679683
2023-09-14,North,51759,25886,32612,26706,10772,429054
2023-09-14,South,91949,35256,57305,29660,2976,662712
2023-09-14,East,142374,40005,33091,21258,6272,682701
2023-09-14,West,52482,16638,55103,37779,8497,561329
2023-09-14,Central,74442,47419,57089,29154,14801,679770
2023-09-15,North,83719,43377,49759,34684,12548,679658
2023-09-15,South,108066,50708,66022,20389,2118,749934
2023-09-15,East,143501,53116,72137,31324,3542,892197
2023-09-15,West,52079,46634,20559,32685,6862,532358
2023-09-15,Central,52717,26755,20713,32195,5043,425733
2023-09-16,North,109676,33382,57361,26797,2972,732953
2023-09-16,South,77952,59767,35184,10774,2915,536143
2023-09-16,East,136444,32394,35261,36633,8621,755167
2023-09-16,West,92460,12253,40372,5796,11629,465011
2023-09-16,Central,140397,47710,75355,33389,2586,928181
2023-09-17,North,122847,55098,52140,12188,10542,764548
2023-09-17,South,143607,10864,53024,28696,7625,749610
2023-09-17,East,139106,44036,77920,7024,9354,833917
2023-09-17,West,68449,50222,67342,12666,6591,628582
2023-09-17,Central,83536,23666,52544,11584,4562,539386
2023-09-18,North,114077,30955,20037,30462,8839,594321
2023-09-18,South,88258,55138,63032,32044,12062,763747
2023-09-18,East,98302,47997,32697,10285,10464,568997
2023-09-18,West,78865,26309,61420,12370,4927,543953
2023-09-18,Central,56645,14054,68698,22903,8195,535553
2023-09-19,North,88000,10935,51707,37499,14550,628865
2023-09-19,South,76737,54940,46016,37368,13631,716415
2023-09-19,East,61485,32778,54600,27995,8276,607016
2023-09-19,West,88565,53298,68285,27841,13233,823875
2023-09-19,Central,75522,58328,43984,9866,14140,632299
2023-09-20,North,115155,58924,25167,18566,11956,651180
2023-09-20,South,105168,26709,20432,33552,6290,536073
2023-09-20,East,102487,19726,24151,39549,7882,561062
2023-09-20,West,62342,50542,67680,29914,8446,688768
2023-09-20,Central,90806,30245,26411,27333,7167,536711
2023-09-21,North,98770,44753,50788,20958,11962,699431
2023-09-21,South,128623,24252,70903,25954,3522,785403
2023-09-21,East,149785,31316,46623,14638,11023,759700
2023-09-21,West,125629,47371,74149,39147,2561,902828
2023-09-21,Central,102603,29162,42104,14675,5540,549340
2023-09-22,North,131974,25960,76768,29054,14328,833832
2023-09-22,South,76399,40791,20256,36661,3479,537717
2023-09-22,East,135382,52230,53439,22184,8677,808472
2023-09-22,West,131244,35216,53257,30822,14658,810144
2023-09-22,Central,126534,42467,59657,15929,3205,744666
2023-09-23,North,105106,56934,64674,10267,8660,741989
2023-09-23,South,80678,17754,71248,17069,10848,589906
2023-09-23,East,126218,57014,38066,5981,14132,671914
2023-09-23,West,113230,14078,65371,23472,2589,680298
2023-09-23,Central,124055,22853,52746,24336,6326,691701
2023-09-24,North,106373,14042,22460,30587,6904,530658
2023-09-24,South,81480,59052,57297,16656,11563,700477
2023-09-24,East,135230,24389,74273,32326,14766,848739
2023-09-24,West,118836,40425,54743,23510,13943,727474
2023-09-24,Central,122258,12575,23216,23975,8421,536999
2023-09-25,North,89986,49522,34267,14665,5759,572559
2023-09-25,South,74160,38179,29581,32097,12292,582620
2023-09-25,East,135595,44754,24515,30741,12076,729618
2023-09-25,West,129111,28624,42076,11437,10939,629285
2023-09-25,Central,114929,30350,64816,30185,10655,752155
2023-09-26,North,123506,36681,29776,15375,10945,586540
2023-09-26,South,84911,33988,74091,32107,7936,735554
2023-09-26,East,137127,25470,41947,35484,10774,723273
2023-09-26,West,81821,34704,22963,30835,4205,568995
2023-09-26,Central,125039,48736,73681,34743,6114,865050
2023-09-27,North,110535,39377,26786,35917,14342,657177
2023-09-27,South,134458,38572,33866,16424,6027,644005
2023-09-27,East,62175,17493,58968,14643,6816,509163
2023-09-27,West,104771,14103,52305,15310,9188,578749
2023-09-27,Central,136925,44844,37360,23951,13545,753432
2023-09-28,North,116358,12994,60113,31568,4808,699239
2023-09-28,South,67327,13744,52813,20233,5603,518384
2023-09-28,East,97057,57234,21193,18200,5913,559602
2023-09-28,West,56150,57291,24512,26548,3419,531638
2023-09-28,Central,54425,37332,74095,15532,4167,597500
2023-09-29,North,66032,15594,42666,28465,4144,462316
2023-09-29,South,52198,50299,36630,26291,4167,524626
2023-09-29,East,110500,17371,72371,35580,11752,768148
2023-09-29,West,103394,57315,28983,31149,11368,653124
2023-09-29,Central,70079,28028,20636,26346,11460,474428
2023-09-30,North,86220,45912,23775,15619,7891,502611
2023-09-30,South,91874,23990,22421,6766,13779,425498
2023-09-30,East,63859,56851,33025,8549,8536,509293
2023-09-30,West,100460,26626,29280,23693,3166,554551
2023-09-30,Central,81419,30469,56951,36922,5575,638819
2023-10-01,North,58705,50722,31351,39744,4841,591931
2023-10-01,South,92880,50037,69864,17165,3870,686397
2023-10-01,East,73236,17130,74997,28564,14121,669297
2023-10-01,West,137955,16828,58091,30301,12459,736113
2023-10-01,Central,135514,51612,75184,25765,4886,878335
2023-10-02,North,65358,56988,65656,12425,2159,679546
2023-10-02,South,149713,49099,50171,17857,9243,783485
2023-10-02,East,144914,56165,23644,32463,12850,763551
2023-10-02,West,126918,27883,36142,27444,5763,631757
2023-10-02,Central,64596,53059,27773,19205,14926,544212
2023-10-03,North,83572,28542,48466,5704,3055,522672
2023-10-03,South,128757,52932,30778,10452,2333,656044
2023-10-03,East,51279,20450,32501,8681,5596,383744
2023-10-03,West,113197,30423,67177,25522,9607,744754
2023-10-03,Central,112516,12035,22108,23300,11083,531033
2023-10-04,North,57083,54231,49369,14566,13179,610013
2023-10-04,South,67771,50745,56382,12501,14639,625910
2023-10-04,East,79975,27241,45818,6845,3362,473488
2023-10-04,West,95648,33154,30251,18230,2925,505141
2023-10-04,Central,98285,35625,43341,22754,7519,629473
2023-10-05,North,69063,54950,31678,39404,4443,588881
2023-10-05,South,117642,43066,34367,27564,12769,655915
2023-10-05,East,140093,43691,74431,37362,5980,939431
2023-10-05,West,136143,23331,49672,23227,9260,699677
2023-10-05,Central,87599,30690,24332,29760,12597,586137
2023-10-06,North,101920,29183,32002,34723,3419,585576
2023-10-06,South,78529,49346,40284,22215,13067,599435
2023-10-06,East,85954,14875,79949,10538,2059,627491
2023-10-06,West,77856,22254,35700,26699,4524,510787
2023-10-06,Central,52573,38621,33769,17454,5797,453370
2023-10-07,North,128344,20905,49318,26711,12851,697878
2023-10-07,South,85367,56121,44323,20059,14288,722711
2023-10-07,East,149608,25882,47610,6286,3578,704478
2023-10-07,West,110774,29041,26963,39297,14598,655515
2023-10-07,Central,73752,39098,73720,39645,9201,729205
2023-10-08,North,105029,52431,27838,31485,13297,666530
2023-10-08,South,67685,43709,65167,37267,2707,710066
2023-10-08,East,101693,44675,32243,32086,10165,664824
2023-10-08,West,105961,14837,47939,21484,7277,616469
2023-10-08,Central,126908,56448,21845,8087,3780,597035
2023-10-09,North,124532,34489,66710,23675,4413,772554
2023-10-09,South,131994,27627,36766,29680,13598,675905
2023-10-09,East,106133,15696,56880,22077,9750,663404
2023-10-09,West,147425,58994,32780,16432,4161,756475
2023-10-09,Central,111268,23543,68458,8491,13731,669664
2023-10-10,North,142201,22615,76221,8392,10800,783701
2023-10-10,South,88243,11466,72962,7268,2308,577913
2023-10-10,East,107384,40771,62856,33088,7439,755284
2023-10-10,West,81653,28350,21509,19479,6307,474612
2023-10-10,Central,76657,10375,43957,30465,4364,515490
2023-10-11,North,89952,43030,65172,27357,2184,704189
2023-10-11,South,72180,30746,54346,10969,7324,525169
2023-10-11,East,147432,32886,37263,13981,7483,697281
2023-10-11,West,128411,54348,71314,26032,2245,870292
2023-10-11,Central,51622,52904,66874,29408,10430,665157
2023-10-12,North,98756,42651,46148,29241,10183,672187
2023-10-12,South,90809,17833,51533,22402,7924,581018
2023-10-12,East,66725,11893,62608,30766,2519,566918
2023-10-12,West,111396,40573,76866,8657,5907,753627
2023-10-12,Central,101226,41371,32931,26230,2276,569875
2023-10-13,North,131182,50874,21359,23680,14220,679741
2023-10-13,South,132565,21826,73583,22158,7101,758594
2023-10-13,East,79402,44420,44532,24195,14501,651957
2023-10-13,West,54263,31924,40344,17979,10797,498184
2023-10-13,Central,146523,43367,72963,12867,6573,869575
2023-10-14,North,96828,31199,24242,20155,6603,467205
2023-10-14,South,97924,35868,40601,18006,6053,583961
2023-10-14,East,124182,18792,69232,9329,8812,692474
2023-10-14,West,143065,30597,39116,27551,12904,739653
2023-10-14,Central,109052,46405,76985,6404,8073,776362
2023-10-15,North,61664,42696,55477,6369,2141,556422
2023-10-15,South,85737,53123,71574,23448,13853,723451
2023-10-15,East,139563,25989,72793,29175,12561,829254
2023-10-15,West,79373,38931,50782,5716,3717,546949
2023-10-15,Central,86397,19290,65559,18850,14748,648159
2023-10-16,North,136145,48367,69819,6711,14957,834178
2023-10-16,South,88709,24342,38880,30801,9313,586246
2023-10-16,East,111120,34941,23499,26751,13619,584744
2023-10-16,West,69250,23945,51587,30173,12516,571749
2023-10-16,Central,71172,20762,64458,11086,12036,548332
2023-10-17,North,61555,40133,46020,16223,7714,510953
2023-10-17,South,137410,57080,78689,21220,2399,888687
2023-10-17,East,128617,50150,28080,18392,6763,640396
2023-10-17,West,103276,37052,43207,25051,12755,662081
2023-10-17,Central,107492,51750,53957,7246,11714,691083
2023-10-18,North,103002,29953,33908,25010,11526,575047
2023-10-18,South,139599,50475,50652,7822,12815,721807
2023-10-18,East,122355,27130,50344,29667,8255,701611
2023-10-18,West,141248,41086,75756,22234,2238,891298
2023-10-18,Central,74762,14633,45034,35654,5215,546279
2023-10-19,North,61046,27304,45788,14669,9541,504104
2023-10-19,South,146999,52037,32751,26784,5647,763251
2023-10-19,East,78769,42284,78255,34672,7408,771799
2023-10-19,West,103302,56546,67482,6082,11808,713262
2023-10-19,Central,73150,17008,53793,16148,8340,514135
2023-10-20,North,118247,58291,76937,32494,4429,890129
2023-10-20,South,54853,37405,79755,14557,5652,660245
2023-10-20,East,144613,46386,52839,19039,11913,806173
2023-10-20,West,139399,35373,58314,7303,8307,755597
2023-10-20,Central,71792,30827,55453,23281,11464,620733
2023-10-21,North,109129,43040,29385,27209,13331,624457
2023-10-21,South,124478,23007,76524,33173,7140,816720
2023-10-21,East,117298,28157,38232,30190,4878,679762
2023-10-21,West,81987,42157,63344,38012,3535,736190
2023-10-21,Central,65850,45315,54790,25191,10727,639406
2023-10-22,North,62112,45932,35831,7779,8254,498406
2023-10-22,South,74058,31164,75490,23230,2948,677405
2023-10-22,East,95420,24414,40125,28405,12834,608304
2023-10-22,West,88890,24327,65708,17803,5941,638272
2023-10-22,Central,116017,58344,37682,32825,11213,746320
2023-10-23,North,97304,10946,56870,18698,8603,565065
2023-10-23,South,82921,24693,37288,39560,10625,553104
2023-10-23,East,51524,37241,55794,20376,3403,535243
2023-10-23,West,65048,59658,79372,23118,9819,768365
2023-10-23,Central,85111,40254,59477,18117,5511,650650
2023-10-24,North,87904,25540,73863,27242,4935,709767
2023-10-24,South,104912,16719,44405,5944,6878,522096
2023-10-24,East,84008,51203,58737,36695,9506,800461
2023-10-24,West,50060,35081,22620,6511,9591,403388
2023-10-24,Central,124666,21350,55414,27502,14456,692188
2023-10-25,North,133559,46358,57633,29805,14996,850943
2023-10-25,South,105337,42021,76497,31993,7060,840864
2023-10-25,East,63350,52832,55057,13369,5333,552106
2023-10-25,West,74354,38369,60138,22997,3602,632575
2023-10-25,Central,95186,41728,33854,20629,10420,601944
2023-10-26,North,78145,27576,73024,36949,14714,728823
2023-10-26,South,84020,39001,29677,7840,14409,509738
2023-10-26,East,136123,27848,64111,19051,4196,756947
2023-10-26,West,125186,10390,44074,32523,13091,674495
2023-10-26,Central,135469,31999,37824,6774,2110,644861
2023-10-27,North,70581,55436,20765,18262,11436,528021
2023-10-27,South,138929,21569,65439,8871,8023,744386
2023-10-27,East,73051,23029,79782,13273,6159,608467
2023-10-27,West,101474,32490,51615,22229,12877,701718
2023-10-27,Central,141748,55875,68926,32385,13993,945331
2023-10-28,North,119626,45328,56860,34289,5867,786423
2023-10-28,South,56960,15867,32975,8260,11569,382256
2023-10-28,East,85772,25284,29341,37019,9641,545602
2023-10-28,West,71520,43979,48141,8145,7004,548577
2023-10-28,Central,99481,19121,32334,36753,11963,593985
2023-10-29,North,86408,11539,68845,12802,10204,577507
2023-10-29,South,144006,35488,35835,7263,9077,656509
2023-10-29,East,107134,27027,46548,31913,14526,661836
2023-10-29,West,70491,18693,55434,13155,5261,496459
2023-10-29,Central,51341,18921,45039,5922,2662,371103
2023-10-30,North,94623,20310,52530,11695,13284,567633
2023-10-30,South,140327,55512,58736,25672,10885,852905
2023-10-30,East,50338,40908,60409,24014,5390,594511
2023-10-30,West,121431,14386,38565,12816,11373,590523
2023-10-30,Central,62254,42263,29834,30743,5018,532638
2023-10-31,North,101860,38412,56656,33539,11696,756738
2023-10-31,South,61344,27303,20840,35102,3902,467053
2023-10-31,East,51750,22242,33873,16633,6171,383616
2023-10-31,West,104756,57025,51568,28384,2328,736555
2023-10-31,Central,117957,18947,30846,8512,11631,563759
2023-11-01,North,108053,56714,25899,11066,8295,588298
2023-11-01,South,120855,15930,40502,36500,5846,688455
2023-11-01,East,65896,48170,20565,18207,14359,475608
2023-11-01,West,105761,58785,58773,25106,2224,727217
2023-11-01,Central,112552,10507,61924,19322,4520,632318
2023-11-02,North,127454,11436,63242,39828,10064,782368
2023-11-02,South,140600,37151,29187,24418,5714,709861
2023-11-02,East,77935,21618,27226,7387,4407,373705
2023-11-02,West,87641,18750,62147,13031,8683,603480
2023-11-02,Central,79711,26122,58658,6799,2810,559554
2023-11-03,North,120342,17354,65881,38895,8752,796105
2023-11-03,South,62182,54062,24311,29914,5117,476394
2023-11-03,East,137833,40979,64214,19635,6773,839780
2023-11-03,West,106276,30900,76888,12535,5290,729212
2023-11-03,Central,69541,23840,61616,7808,14578,557493
2023-11-04,North,144457,47167,72134,18055,4251,883653
2023-11-04,South,132310,15037,45689,32605,6661,645984
2023-11-04,East,94813,38633,26083,31665,12721,613832
2023-11-04,West,87198,34495,32598,37767,6606,644766
2023-11-04,Central,58820,25848,36940,9297,11115,399750
2023-11-05,North,74070,46483,72171,25943,8421,719662
2023-11-05,South,119768,57645,46880,38216,5052,804484
2023-11-05,East,61122,17837,22580,10008,10207,359207
2023-11-05,West,130559,44069,77298,26277,13788,895862
2023-11-05,Central,123543,17370,66612,21820,12595,715545
2023-11-06,North,133441,16411,77395,11012,6451,744658
2023-11-06,South,91786,49133,62321,27253,6925,770264
2023-11-06,East,144934,40499,29386,34202,14202,757610
2023-11-06,West,149804,40225,73171,34236,4646,924351
2023-11-06,Central,56737,58217,39522,6620,11293,506046
2023-11-07,North,86062,10692,46224,38716,13167,620749
2023-11-07,South,104237,38926,34635,14319,11282,584252
2023-11-07,East,101571,44246,20671,21575,4906,513671
2023-11-07,West,75510,49164,53545,17204,3746,626557
2023-11-07,Central,69426,18448,74079,16952,6309,611313
2023-11-08,North,87265,53390,46855,22787,11912,663354
2023-11-08,South,67850,59593,55790,38872,2448,667868
2023-11-08,East,116150,20073,71012,34376,5012,742657
2023-11-08,West,137312,45414,72291,5548,13696,813193
2023-11-08,Central,139613,15209,66585,16640,3568,718567
2023-11-09,North,124910,16533,34260,31437,13378,644532
2023-11-09,South,102375,31061,21074,27145,5491,551239
2023-11-09,East,85435,17211,62676,12903,12738,577844
2023-11-09,West,146443,19927,29475,23168,14997,626890
2023-11-09,Central,107132,21927,32878,31863,14667,635041
2023-11-10,North,128945,34594,35120,33548,9310,713874
2023-11-10,South,132050,19316,43147,13990,8883,640819
2023-11-10,East,145402,22177,21986,16467,7984,599265
2023-11-10,West,52983,20846,63593,28901,11239,594947
2023-11-10,Central,147241,17933,52430,28301,14826,752705
2023-11-11,North,70662,48244,61961,24644,9088,690227
2023-11-11,South,73510,56621,75479,9367,14822,731352
2023-11-11,East,128187,50696,37430,21204,6768,722733
2023-11-11,West,90998,12080,22176,24755,3064,421316
2023-11-11,Central,106846,16089,38722,7093,5821,509519
2023-11-12,North,144071,36123,62815,9001,10759,780569
2023-11-12,South,56640,17797,69652,35783,3436,641291
2023-11-12,East,94547,18346,38617,27940,14702,575064
2023-11-12,West,104620,29878,47115,12810,14736,635590
2023-11-12,Central,65317,43672,57376,31008,14897,632405
2023-11-13,North,57564,27653,31906,23901,12897,449610
2023-11-13,South,77345,59556,60002,32433,8097,750529
2023-11-13,East,144223,52742,77124,27189,4483,940014
2023-11-13,West,129273,36140,26610,33730,9719,661201
2023-11-13,Central,124859,11184,63292,14236,6800,681408
2023-11-14,North,130765,44493,69752,12061,8382,795026
2023-11-14,South,124038,54148,33411,23588,6829,698582
2023-11-14,East,102393,34846,73436,8902,13971,711795
2023-11-14,West,116081,55825,29180,39120,8153,754396
2023-11-14,Central,79430,32195,67993,39364,4794,736273
2023-11-15,North,125532,15606,30073,38447,12052,677271
2023-11-15,South,77788,13956,57251,33874,13528,621966
2023-11-15,East,145505,26555,50960,25096,9612,792945
2023-11-15,West,98543,34849,25901,17020,12082,543004
2023-11-15,Central,63919,28690,58897,26685,14483,601290
2023-11-16,North,119346,58849,70906,20675,3097,828329
2023-11-16,South,146122,36347,71616,29365,3638,867339
2023-11-16,East,89974,43189,63183,27276,11850,723856
2023-11-16,West,66371,48308,24482,17693,11317,479625
2023-11-16,Central,95084,35785,62454,28513,10455,703773
2023-11-17,North,79629,59056,45428,28621,13184,696644
2023-11-17,South,101184,42698,27400,28711,2160,585700
2023-11-17,East,111916,25966,59574,32785,11448,699619
2023-11-17,West,123972,41097,77795,7542,7906,751585
2023-11-17,Central,112187,25882,63284,22062,10502,667523
2023-11-18,North,62984,14675,27396,10366,10418,339836
2023-11-18,South,83039,51850,27338,31465,10464,579556
2023-11-18,East,135431,23009,62718,37286,9081,787659
2023-11-18,West,133691,37843,32500,18647,6412,661565
2023-11-18,Central,108606,39793,31545,14860,12114,567872
2023-11-19,North,60616,49516,25241,15745,5157,448085
2023-11-19,South,100072,48871,43778,11818,4338,585307
2023-11-19,East,74574,27857,42821,19101,7588,510111
2023-11-19,West,53430,29627,24695,10028,3601,378013
2023-11-19,Central,62676,28565,31530,37725,7888,515851
2023-11-20,North,60816,36025,67080,26087,5718,632815
2023-11-20,South,82733,37832,71740,14438,7546,672874
2023-11-20,East,135680,54116,34318,23156,12614,719397
2023-11-20,West,52050,19782,70934,23548,3925,555299
2023-11-20,Central,83933,48650,42331,29767,10758,655226
2023-11-21,North,74951,32366,75746,7563,4915,643151
2023-11-21,South,82413,38557,72672,13498,8898,684702
2023-11-21,East,84801,15798,46355,13131,10443,529273
2023-11-21,West,105619,19627,31324,30107,7652,547178
2023-11-21,Central,82913,51183,48149,33793,12546,666728
2023-11-22,North,90600,22466,23218,7696,5501,389659
2023-11-22,South,107775,52614,40141,28705,14962,734576
2023-11-22,East,140816,22720,56784,28397,12503,742937
2023-11-22,West,140093,51913,22837,12704,12307,687631
2023-11-22,Central,85400,47292,79725,21442,9274,758951
2023-11-23,North,54494,16559,75152,14765,3602,578776
2023-11-23,South,130688,50388,69080,15002,13462,824662
2023-11-23,East,139431,29158,59802,16390,9359,743466
2023-11-23,West,124691,40916,60077,23946,2513,764959
2023-11-23,Central,147419,32057,34379,11641,10633,655951
2023-11-24,North,93001,45892,24239,38709,10192,631361
2023-11-24,South,117364,51439,64896,20624,8501,775602
2023-11-24,East,95028,21706,40812,14966,2902,527847
2023-11-24,West,147659,22070,49669,28814,7719,735303
2023-11-24,Central,87573,50902,68624,39189,11412,802009
2023-11-25,North,50806,10924,29611,10765,10148,308701
2023-11-25,South,106638,36478,24150,35222,4321,621993
2023-11-25,East,79757,15506,78674,22223,2855,636980
2023-11-25,West,84636,56418,31109,17647,3017,591400
2023-11-25,Central,130097,45163,54214,9959,7279,712262
2023-11-26,North,98280,34604,46016,32257,12412,671118
2023-11-26,South,74262,25310,31936,36984,9712,556715
2023-11-26,East,130435,18226,31036,27212,6680,590001
2023-11-26,West,112211,21781,59236,32215,13696,705312
2023-11-26,Central,104842,15515,34021,34057,9072,598288
2023-11-27,North,106979,46133,74942,39094,8624,886640
2023-11-27,South,131470,26972,56943,39353,14742,804906
2023-11-27,East,88197,42092,68158,18500,2195,669149
2023-11-27,West,91844,21410,57848,21772,6694,608463
2023-11-27,Central,114754,29522,35471,8332,11524,608938
2023-11-28,North,84157,19095,67661,27218,6651,620215
2023-11-28,South,127129,33047,70016,20472,8991,797221
2023-11-28,East,90042,30470,43244,9959,11709,550275
2023-11-28,West,111665,53129,68777,22443,14726,798532
2023-11-28,Central,132856,18531,77815,30874,4697,810170
2023-11-29,North,77376,47038,58985,6301,14646,585748
2023-11-29,South,105554,32403,58440,29080,13299,728996
2023-11-29,East,64199,52674,21502,25683,3057,509192
2023-11-29,West,131412,39122,73836,34656,7207,849626
2023-11-29,Central,100948,26940,54178,27455,12897,682921
2023-11-30,North,123781,39831,23770,9112,12255,567124
2023-11-30,South,122750,21279,62865,21882,4792,693228
2023-11-30,East,116262,48220,73811,37145,2420,845899
2023-11-30,West,96600,16477,24001,37735,14840,561920
2023-11-30,Central,126898,27400,72635,12245,4814,708993
2023-12-01,North,112483,16470,40946,7105,4840,497162
2023-12-01,South,68297,12062,20598,26711,3031,377027
2023-12-01,East,80448,51798,50316,10630,9639,603109
2023-12-01,West,76172,29880,45567,8206,3491,510573
2023-12-01,Central,92874,44581,46508,23953,6975,647922
2023-12-02,North,57657,54439,63744,15068,12077,637538
2023-12-02,South,134386,24308,72193,18394,6947,743537
2023-12-02,East,75425,36027,77312,6067,2509,627536
2023-12-02,West,76685,40720,59159,20245,3859,580926
2023-12-02,Central,74578,45081,50276,14859,7061,593669
2023-12-03,North,78831,19706,43671,34164,3858,571715
2023-12-03,South,57906,19837,36450,20377,11105,428014
2023-12-03,East,111413,48599,34908,38715,7607,722184
2023-12-03,West,104028,46824,77275,25773,4065,799196
2023-12-03,Central,57287,43073,64358,38939,4966,700729
2023-12-04,North,83660,57115,69047,11114,8773,717688
2023-12-04,South,125758,42088,55518,37939,14029,802802
2023-12-04,East,110504,38112,77813,17818,9892,807414
2023-12-04,West,109720,36299,51212,14335,11788,678333
2023-12-04,Central,84701,44457,62684,11209,6442,639732
2023-12-05,North,133300,40063,26806,8577,11247,623086
2023-12-05,South,67674,13917,59197,13380,11215,526574
2023-12-05,East,133560,12936,60891,9076,5204,649933
2023-12-05,West,73874,46630,38015,37925,2575,615835
2023-12-05,Central,93642,24506,59220,16095,2198,610121
2023-12-06,North,147820,38805,37158,24179,9423,724556
2023-12-06,South,115160,24318,35456,33400,3365,653238
2023-12-06,East,67602,58068,47588,23761,9834,596848
2023-12-06,West,138801,36026,42491,6810,3998,670414
2023-12-06,Central,75931,37672,44188,26574,7350,562937
2023-12-07,North,144377,48417,47079,33562,8444,823993
2023-12-07,South,79192,37281,78830,23510,3016,681495
2023-12-07,East,96542,58442,24019,11953,5618,539448
2023-12-07,West,92520,38091,32419,27131,2025,572515
2023-12-07,Central,114772,48328,53697,31883,11750,783247
2023-12-08,North,108762,58219,39396,10891,5724,674908
2023-12-08,South,100106,28610,74176,23728,5458,718781
2023-12-08,East,131121,11079,59032,38387,13548,770946
2023-12-08,West,75559,39850,49892,16094,8593,581325
2023-12-08,Central,83742,56751,27973,7407,12559,554101
2023-12-09,North,119669,30590,62465,17644,10662,702041
2023-12-09,South,130199,40951,41113,25298,12659,728439
2023-12-09,East,71754,25327,77113,39072,9280,726594
2023-12-09,West,53972,22755,31136,33669,10069,455785
2023-12-09,Central,120831,17235,39203,35161,6746,654768
2023-12-10,North,91873,27197,51285,12282,9589,588097
2023-12-10,South,144661,31473,43039,31539,11077,750411
2023-12-10,East,59903,12031,21184,8307,8978,333125
2023-12-10,West,53020,51282,77632,22745,11067,652606
2023-12-10,Central,91755,51863,42727,39555,11133,678285
2023-12-11,North,135956,24287,79155,6073,5041,740024
2023-12-11,South,136988,48679,36911,37683,9765,793198
2023-12-11,East,95648,54463,20916,30741,7404,593475
2023-12-11,West,59516,42230,79052,27286,2571,665576
2023-12-11,Central,52396,29037,23574,8599,14341,369403
2023-12-12,North,134082,37052,56087,32293,10796,807333
2023-12-12,South,69129,13340,37790,20389,14612,451856
2023-12-12,East,51591,50644,37625,17318,13721,495775
2023-12-12,West,61303,58664,25206,8055,6980,472367
2023-12-12,Central,80561,55203,76401,22043,14552,794768
2023-12-13,North,121719,11141,39517,11320,10573,532269
2023-12-13,South,142108,35425,69950,9642,3236,813183
2023-12-13,East,149616,29281,70675,32158,4380,854563
2023-12-13,West,136231,52049,76361,14321,9177,857912
2023-12-13,Central,57314,30425,57696,19432,13971,563983
2023-12-14,North,69623,44806,36105,27757,12297,576704
2023-12-14,South,117675,42113,55656,31044,3517,714159
2023-12-14,East,146826,14270,22690,26971,3533,599936
2023-12-14,West,115082,52814,56859,30727,7887,808461
2023-12-14,Central,133624,14683,76434,27559,13486,827831
2023-12-15,North,83130,59646,78585,13284,13632,772545
2023-12-15,South,101756,49884,66728,22665,9859,762877
2023-12-15,East,147624,39809,75401,32476,5489,929228
2023-12-15,West,76292,44552,20690,15991,14137,527223
2023-12-15,Central,136206,13786,45103,24561,6642,663403
2023-12-16,North,119274,31650,54263,9511,11062,661951
2023-12-16,South,52469,38706,31085,15796,4150,460353
2023-12-16,East,103947,19190,70044,8881,13424,632949
2023-12-16,West,72534,48196,77730,20668,7319,725071
2023-12-16,Central,113620,49449,45825,39312,13423,828288
2023-12-17,North,98874,49661,30720,33106,5766,655518
2023-12-17,South,99708,39709,58641,32222,6960,744993
2023-12-17,East,124553,55429,57271,20729,13399,799529
2023-12-17,West,118344,24892,31720,9784,8061,559508
2023-12-17,Central,99138,19643,66732,38913,14685,763584
2023-12-18,North,104302,19943,20897,14102,7857,438959
2023-12-18,South,97638,53240,37094,22950,6487,643564
2023-12-18,East,128249,55760,56463,9507,14018,782059
2023-12-18,West,52719,31042,55454,18523,9750,529942
2023-12-18,Central,72890,53894,43572,29667,11804,635894
2023-12-19,North,127236,16869,58546,8992,3077,668410
2023-12-19,South,86509,50437,76920,13027,3300,731530
2023-12-19,East,92534,54306,35150,27144,12350,640534
2023-12-19,West,142241,52833,74165,30530,12463,962227
2023-12-19,Central,68787,30918,73664,20305,8649,675538
2023-12-20,North,98845,38379,36799,26731,9181,644180
2023-12-20,South,107932,52939,29663,25673,10138,649118
2023-12-20,East,142124,35274,56948,38297,4529,824573
2023-12-20,West,141659,27696,57030,30842,5260,763020
2023-12-20,Central,83062,12962,47007,28827,2363,545269
2023-12-21,North,125713,23851,55283,31173,2845,743734
2023-12-21,South,137263,55747,45671,23909,5032,798111
2023-12-21,East,145756,15296,45385,36007,3327,759537
2023-12-21,West,110461,24745,31236,17985,13354,526179
2023-12-21,Central,125418,15730,42024,27525,10583,649138
2023-12-22,North,116672,23921,66872,8830,5255,688979
2023-12-22,South,84832,42894,59384,5533,7136,599757
2023-12-22,East,81966,15602,37376,25946,9108,487621
2023-12-22,West,122545,27575,78625,28504,12251,803710
2023-12-22,Central,62987,29023,57138,33255,5237,602043
2023-12-23,North,87311,55349,38157,39723,12238,675816
2023-12-23,South,81575,25997,39945,10539,14433,536921
2023-12-23,East,113852,27750,56584,12493,11497,671234
2023-12-23,West,51007,51979,43017,26311,7668,558932
2023-12-23,Central,120981,32837,21756,8644,8312,533255
2023-12-24,North,126242,24997,55141,25445,13086,748028
2023-12-24,South,97517,49439,22576,14511,12224,584467
2023-12-24,East,79257,33067,45467,5183,10956,500585
2023-12-24,West,137272,55039,56952,14475,7465,787034
2023-12-24,Central,92207,30923,51205,24230,2498,610760
2023-12-25,North,63281,18876,78051,31008,13560,650190
2023-12-25,South,111246,12887,55165,16332,8062,574626
2023-12-25,East,51435,52422,32674,9722,4944,444166
2023-12-25,West,148875,46854,63094,20194,9952,841632
2023-12-25,Central,141357,46948,63314,31631,7856,849909
2023-12-26,North,76660,12841,42353,32912,13996,551574
2023-12-26,South,55084,38756,49849,22166,14405,557248
2023-12-26,East,132197,16040,24535,20976,14652,591818
2023-12-26,West,63507,20304,76035,17046,9838,583460
2023-12-26,Central,122595,40341,77279,38444,8077,900012
2023-12-27,North,133807,14758,67367,28634,2135,755642
2023-12-27,South,95539,27010,61936,9090,11292,611051
2023-12-27,East,57491,41658,37118,35008,12063,595913
2023-12-27,West,100192,59002,79812,27107,6033,855928
2023-12-27,Central,130395,47782,79884,13382,8700,842575
2023-12-28,North,113888,11375,20632,14034,6113,468338
2023-12-28,South,123609,43949,33280,13526,14204,630808
2023-12-28,East,59077,32092,34746,29073,8546,498264
2023-12-28,West,70953,10490,57036,6110,10396,519755
2023-12-28,Central,126919,13729,73251,21445,6594,704342
2023-12-29,North,117889,15974,39285,5386,12563,533197
2023-12-29,South,73821,29680,38047,23584,14882,535136
2023-12-29,East,87567,28324,68089,39451,2561,712117
2023-12-29,West,74860,41334,30207,35549,7400,561188
2023-12-29,Central,71195,31398,25591,11321,9333,466699
2023-12-30,North,127475,44650,47757,29440,5314,746236
2023-12-30,South,140874,31292,36226,36566,5960,738802
2023-12-30,East,137266,45755,49732,37521,12718,823866
2023-12-30,West,71427,48353,47206,28798,4211,629649
2023-12-30,Central,77083,13159,40256,18565,4371,485641
2023-12-31,North,137046,42626,53822,28027,8974,800336
2023-12-31,South,107372,39351,61340,37095,14927,780093
2023-12-31,East,94064,47298,66347,10631,4681,686542
2023-12-31,West,57813,27065,72234,29329,4806,637628
2023-12-31,Central,81598,31638,63351,11787,13961,638818
2024-01-01,North,143106,11073,60775,31875,4255,759297
2024-01-01,South,77082,56511,68671,29514,14602,767835
2024-01-01,East,79241,28771,29784,27580,11092,547841
2024-01-01,West,146214,45461,57029,25291,8382,822784
2024-01-01,Central,94569,52330,55157,9288,11942,662187
2024-01-02,North,61745,39320,39937,11734,6899,522811
2024-01-02,South,76029,14340,74290,22464,13487,633915
2024-01-02,East,63025,44924,66707,12814,5159,627510
2024-01-02,West,64288,26184,31219,12851,7656,406700
2024-01-02,Central,139186,50734,29399,6600,3452,667786
2024-01-03,North,56540,12580,53312,11866,11435,433726
2024-01-03,South,147768,50025,47657,8692,4322,724690
2024-01-03,East,131958,38967,40047,25373,11862,737363
2024-01-03,West,118878,12159,55007,38100,12219,704259
2024-01-03,Central,91846,58940,30559,19847,9097,611481
2024-01-04,North,125932,23900,40157,19507,3768,631580
2024-01-04,South,67482,21440,55395,14963,8096,517366
2024-01-04,East,73411,24678,26618,11106,7185,396320
2024-01-04,West,100975,57204,64891,12333,13855,743130
2024-01-04,Central,110545,22021,26780,36913,12494,584232
2024-01-05,North,128797,16772,47050,36283,3169,717064
2024-01-05,South,102307,11627,28015,34815,6710,562095
2024-01-05,East,53093,54432,23130,25584,12624,486526
2024-01-05,West,127258,18219,48083,30382,8590,697360
2024-01-05,Central,72042,33464,36480,6064,2386,446961
2024-01-06,North,102930,40232,67599,11820,4430,727835
2024-01-06,South,94413,52481,73010,13512,13540,807276
2024-01-06,East,143623,18488,55476,24615,3405,744023
2024-01-06,West,147883,44949,58165,22884,2123,811279
2024-01-06,Central,83756,54362,31528,22952,5997,567735
2024-01-07,North,103268,49932,75304,14711,7909,781383
2024-01-07,South,89214,28981,69608,25473,13644,701735
2024-01-07,East,131871,10901,25914,23249,5896,530351
2024-01-07,West,78602,32444,57136,14597,11816,598689
2024-01-07,Central,103331,52058,31179,26984,10066,696040
2024-01-08,North,98901,28061,40472,21388,11373,607041
2024-01-08,South,149986,12881,32076,23782,2727,607366
2024-01-08,East,113416,39863,78375,11608,9039,774966
2024-01-08,West,82196,55826,44783,38115,14076,721123
2024-01-08,Central,55626,15622,71089,11500,9715,539815
2024-01-09,North,57424,11378,66716,25209,5670,511404
2024-01-09,South,62857,27632,70298,25977,3141,616085
2024-01-09,East,69982,38311,74304,8521,12567,647281
2024-01-09,West,126961,15650,33824,6300,6031,530029
2024-01-09,Central,51980,55201,24299,32075,10550,487531
2024-01-10,North,98290,52224,66888,28979,5742,779826
2024-01-10,South,76431,17036,28118,35802,4844,505335
2024-01-10,East,134976,49255,30756,17225,14730,686536
2024-01-10,West,132711,32499,77786,16481,4211,797125
2024-01-10,Central,76385,47016,76911,26217,2972,765314
2024-01-11,North,88158,14603,27953,19755,2360,445881
2024-01-11,South,73019,37773,57552,29914,4632,642275
2024-01-11,East,68639,29937,35185,31269,5190,484681
2024-01-11,West,135530,22632,61792,29555,6948,750170
2024-01-11,Central,149911,40607,34674,24874,3624,773395
2024-01-12,North,71563,36337,70613,12925,14120,676958
2024-01-12,South,89341,10220,64476,8107,3756,557260
2024-01-12,East,55776,56994,53927,25852,9818,590511
2024-01-12,West,86444,14818,20386,35183,7119,452853
2024-01-12,Central,118916,17349,46617,32617,8026,638846
2024-01-13,North,58711,15618,27192,13722,10432,343828
2024-01-13,South,124318,37464,30745,27631,14953,665061
2024-01-13,East,132970,52624,50020,36622,8975,852118
2024-01-13,West,135553,47344,62678,12883,2975,770028
2024-01-13,Central,80707,28255,41159,24708,6318,544073
2024-01-14,North,89110,34299,23409,22197,7923,506699
2024-01-14,South,111788,57975,69841,26134,4313,850918
2024-01-14,East,132879,11462,76180,38550,11497,847086
2024-01-14,West,88827,25905,76414,19642,2787,682999
2024-01-14,Central,55655,34920,74816,25439,4428,666622
2024-01-15,North,94859,26252,75918,37243,10747,763762
2024-01-15,South,103625,51004,45745,29583,12301,758135
2024-01-15,East,102098,50581,65948,33349,8664,792707
2024-01-15,West,65251,44836,70104,19002,12841,630878
2024-01-15,Central,50526,15753,49455,24523,11751,455468
2024-01-16,North,118760,50005,58910,10007,14427,719397
2024-01-16,South,97837,24175,58735,25435,9483,645242
2024-01-16,East,61536,16191,49166,30093,3363,533700
2024-01-16,West,78541,27898,59973,16294,5959,579902
2024-01-16,Central,129083,28982,48072,15908,10781,652081
2024-01-17,North,101027,24622,68774,17699,3749,641850
2024-01-17,South,84531,11001,32109,39633,8671,527673
2024-01-17,East,58712,57645,65802,6376,2540,640813
2024-01-17,West,115455,53000,22484,19255,9634,628654
2024-01-17,Central,124744,33283,54622,18647,12614,739567
2024-01-18,North,55109,31435,64399,13163,10482,564744
2024-01-18,South,99268,37223,72383,39744,12282,782509
2024-01-18,East,104615,47244,22597,11443,5935,557605
2024-01-18,West,132503,40024,60597,18324,5958,746986
2024-01-18,Central,79759,59630,60954,26143,5859,716986
2024-01-19,North,135708,40734,23983,9920,10050,597770
2024-01-19,South,110112,10515,76115,22375,11447,710419
2024-01-19,East,76589,55246,59452,16748,7331,663326
2024-01-19,West,80015,11191,63151,33535,10199,616371
2024-01-19,Central,79009,42264,79979,20715,3657,718529
2024-01-20,North,133309,53628,37040,11450,14770,717285
2024-01-20,South,112046,56216,64772,30010,8185,823737
2024-01-20,East,76143,16297,76895,5020,6428,573802
2024-01-20,West,56154,37856,50554,19717,11448,587918
2024-01-20,Central,71804,59423,47916,14664,9237,640032
2024-01-21,North,91688,18334,64871,6099,14142,583366
2024-01-21,South,114288,34162,75991,28225,3039,799169
2024-01-21,East,101195,16008,46372,7637,4116,522029
2024-01-21,West,70581,17987,59080,24797,10876,576874
2024-01-21,Central,102648,40966,60706,15807,6018,689283
2024-01-22,North,80087,13332,62722,22738,11989,596406
2024-01-22,South,99930,10787,75328,11402,9546,637461
2024-01-22,East,82981,48990,49048,9521,3824,579295
2024-01-22,West,119298,19873,39669,13382,5534,566688
2024-01-22,Central,96167,27006,29777,20065,8670,493390
2024-01-23,North,125304,30225,74711,24934,10254,824457
2024-01-23,South,93408,46444,56331,19425,10452,696709
2024-01-23,East,89499,45340,79784,18111,5571,793665
2024-01-23,West,102269,49683,40968,20510,5192,626852
2024-01-23,Central,88559,15033,73969,13816,6953,616562
2024-01-24,North,124319,17788,57809,17317,11680,702706
2024-01-24,South,145317,25689,31292,7175,11322,620461
2024-01-24,East,146347,54220,75334,16341,6275,932237
2024-01-24,West,98787,31598,60794,30654,2354,726459
2024-01-24,Central,85488,47480,33923,26608,7029,550439
2024-01-25,North,124441,39703,72396,22579,4774,813517
2024-01-25,South,124663,10066,70192,35194,2588,756231
2024-01-25,East,72431,58623,47703,39837,2604,691939
2024-01-25,West,111681,55246,38657,8358,12420,644972
2024-01-25,Central,113483,17533,23629,23822,10365,566171
2024-01-26,North,99153,25103,22114,24727,2353,502357
2024-01-26,South,56368,14616,76516,39579,13482,593583
2024-01-26,East,77424,56045,54445,36018,7434,711554
2024-01-26,West,95004,48498,55862,21555,2433,728183
2024-01-26,Central,133869,53492,45574,10906,13144,719562
2024-01-27,North,138652,21772,52349,9063,10450,698313
2024-01-27,South,106985,33849,42257,13644,2867,612374
2024-01-27,East,100069,59036,55052,13142,12798,713963
2024-01-27,West,102326,22940,57820,36644,13837,715624
2024-01-27,Central,131061,26932,76214,38521,10787,868308
2024-01-28,North,73398,39769,37973,16564,7764,517649
2024-01-28,South,148393,34648,45737,10104,2393,684653
2024-01-28,East,100861,57411,71672,32299,14623,881779
2024-01-28,West,125897,42966,32047,18421,12302,657436
2024-01-28,Central,131905,37777,73800,28211,14056,849703
2024-01-29,North,118577,42567,42113,16202,14331,688948
2024-01-29,South,115641,59723,20694,8685,12392,614758
2024-01-29,East,59078,27174,76959,29661,14189,639404
2024-01-29,West,75003,52598,35588,23366,14045,584640
2024-01-29,Central,112768,23798,65823,29276,5754,696604
2024-01-30,North,101047,27558,68848,20410,6370,745861
2024-01-30,South,121626,54237,40067,14678,13621,698404
2024-01-30,East,107660,10178,26704,29575,6521,509518
2024-01-30,West,99786,30470,60136,18888,9699,656921
2024-01-30,Central,51925,27118,21971,21727,6578,373167
2024-01-31,North,133976,32616,67361,8081,10405,747664
2024-01-31,South,76015,10798,78847,28021,4126,668846
2024-01-31,East,83320,17601,60823,14449,10330,577573
2024-01-31,West,114881,35363,31441,20657,6193,575988
2024-01-31,Central,140827,12795,51476,6532,5960,608178
2024-02-01,North,76289,41926,73370,21015,2663,692351
2024-02-01,South,53389,55264,34677,11344,4832,470688
2024-02-01,East,75683,47356,47818,14106,11265,590632
2024-02-01,West,63629,17297,21868,39206,6574,501718
2024-02-01,Central,111550,13084,38055,14652,8371,518256
2024-02-02,North,74826,40329,78426,29550,14214,724685
2024-02-02,South,76630,21110,21728,11389,9624,386121
2024-02-02,East,148762,10731,27632,27361,8292,590990
2024-02-02,West,96163,11129,32043,18703,7177,507503
2024-02-02,Central,148511,38022,26403,23642,10353,671222
2024-02-03,North,116435,11605,35732,18881,9006,533446
2024-02-03,South,61653,21970,75244,20414,11692,589182
2024-02-03,East,77961,53705,38526,19329,5178,554295
2024-02-03,West,131941,54130,29340,27831,7546,721005
2024-02-03,Central,124137,39265,58952,12588,6490,705960
2024-02-04,North,83662,42330,42394,5903,6896,504079
2024-02-04,South,148818,12933,53021,22610,2185,698988
2024-02-04,East,106446,25187,24102,39052,6653,595385
2024-02-04,West,71288,35791,56310,38457,3980,644552
2024-02-04,Central,145081,34900,39159,26527,6541,741950
2024-02-05,North,86877,15074,76830,34011,9808,742359
2024-02-05,South,65313,56805,26212,39764,14180,622369
2024-02-05,East,130885,36426,51824,37004,2829,783275
2024-02-05,West,122715,49867,57405,29064,5519,815014
2024-02-05,Central,60326,10893,31525,33702,10008,492109
2024-02-06,North,51560,44158,48760,25165,13703,543072
2024-02-06,South,129148,29773,75186,13631,13520,800335
2024-02-06,East,133186,14239,64239,26852,13540,733760
2024-02-06,West,76745,30863,65268,9507,7909,599450
2024-02-06,Central,81890,13432,47457,5527,12677,453105
2024-02-07,North,70022,45139,77609,33981,14803,784565
2024-02-07,South,102579,11515,68015,38471,3225,709749
2024-02-07,East,120316,41670,30532,5662,7774,613283
2024-02-07,West,133847,58674,33518,29940,4844,753764
2024-02-07,Central,78380,49094,26476,11256,9347,501164
2024-02-08,North,52356,24605,72300,33432,4733,614520
2024-02-08,South,120326,15586,39743,13367,6420,615392
2024-02-08,East,142447,45685,21004,30511,5996,708638
2024-02-08,West,139899,58669,63054,13573,12862,878093
2024-02-08,Central,70049,41186,57485,20582,14974,645092
2024-02-09,North,125717,36928,23271,10378,11690,595502
2024-02-09,South,66082,42728,65482,18500,3688,597940
2024-02-09,East,50661,27551,20209,5305,4447,306406
2024-02-09,West,87412,31493,45463,26881,2867,582252
2024-02-09,Central,52920,30711,25539,9697,14504,390718
2024-02-10,North,141194,30039,69305,12222,8952,778932
2024-02-10,South,110315,46561,39977,12933,13200,614890
2024-02-10,East,129561,19947,28606,22849,13716,606429
2024-02-10,West,58946,42335,64384,29236,8084,610150
2024-02-10,Central,144242,25859,54052,38170,12204,827922
2024-02-11,North,95500,33122,23148,17901,10431,516302
2024-02-11,South,66309,11577,53536,11940,7305,495954
2024-02-11,East,105230,52256,78326,24054,10239,842070
2024-02-11,West,148656,38350,25607,9544,6049,625372
2024-02-11,Central,80027,51932,39586,30318,5457,599709
2024-02-12,North,122541,43798,49250,11074,13471,692557
2024-02-12,South,109321,41898,71939,38518,5228,816267
2024-02-12,East,50956,25881,38594,30444,3248,479890
2024-02-12,West,124131,20785,78382,25446,3167,773183
2024-02-12,Central,97908,16691,27399,33543,5490,544917
2024-02-13,North,128339,27297,75490,29789,3897,843830
2024-02-13,South,75963,16358,45117,6617,13728,441783
2024-02-13,East,89443,29581,53126,8333,4179,562325
2024-02-13,West,149259,11462,53617,27152,14912,745902
2024-02-13,Central,89063,25511,27498,29091,7955,533195
2024-02-14,North,130818,20570,57290,5511,12162,675260
2024-02-14,South,54703,58665,71696,21636,14888,736793
2024-02-14,East,115128,54414,65541,25517,4720,789786
2024-02-14,West,122099,25474,70983,36786,12573,788056
2024-02-14,Central,75849,17037,70624,13820,3943,583255
2024-02-15,North,81860,38129,29628,14178,13338,522838
2024-02-15,South,81585,52267,20329,6725,7912,495847
2024-02-15,East,72015,23386,58619,23477,13675,578969
2024-02-15,West,127539,16221,27032,39469,9686,601595
2024-02-15,Central,93585,33474,68094,13496,5696,689767
2024-02-16,North,76958,50537,58034,17270,4825,656486
2024-02-16,South,76017,59839,57122,15472,12019,668663
2024-02-16,East,126707,57124,75587,25724,10414,858426
2024-02-16,West,95350,31045,77130,35416,3746,758096
2024-02-16,Central,62201,35783,40622,20654,2529,516594
2024-02-17,North,79426,50157,75264,16078,8384,731828
2024-02-17,South,67778,14922,48584,33030,10325,517235
2024-02-17,East,95241,56407,67850,12572,13995,763097
2024-02-17,West,92229,32706,24722,22408,6486,517214
2024-02-17,Central,136652,52771,37772,24359,2101,765830
2024-02-18,North,98364,42479,40569,13698,5723,581053
2024-02-18,South,148833,15178,61679,9856,4728,695944
2024-02-18,East,134878,40022,23235,32527,4545,675437
2024-02-18,West,107056,25240,24576,14245,4558,492284
2024-02-18,Central,77490,36220,46707,33946,8846,608246
2024-02-19,North,69975,46736,53868,36645,13233,722169
2024-02-19,South,76723,12716,61632,24278,12192,614259
2024-02-19,East,73279,26574,61476,12203,2948,538231
2024-02-19,West,128301,56279,71684,26658,11760,897554
2024-02-19,Central,61561,27719,50285,20797,6936,494221
2024-02-20,North,116061,18181,44154,37806,4053,695763
2024-02-20,South,138397,55763,40054,35958,13197,840947
2024-02-20,East,99153,54066,37165,11265,2193,622627
2024-02-20,West,83142,59530,34439,11598,10933,581629
2024-02-20,Central,76916,30213,72675,22142,9304,693227
2024-02-21,North,114324,16380,64518,31998,14098,756758
2024-02-21,South,94965,10615,42515,30890,4959,554057
2024-02-21,East,54648,10463,46962,33878,14760,480969
2024-02-21,West,85133,41973,73934,19306,12455,735672
2024-02-21,Central,100677,19158,62549,16885,10174,636277
2024-02-22,North,146059,30651,57763,12443,13612,795978
2024-02-22,South,144588,13158,70653,36839,4923,823351
2024-02-22,East,149950,30008,64754,22084,13446,830230
2024-02-22,West,148317,56202,65278,28911,5239,928316
2024-02-22,Central,120135,14938,39464,9383,5865,547643
2024-02-23,North,85046,48185,62036,31777,10229,750878
2024-02-23,South,97064,32388,78444,39361,11890,804362
2024-02-23,East,119350,18881,50413,19758,6566,616583
2024-02-23,West,95893,15603,53270,34521,8595,619383
2024-02-23,Central,111272,44980,62299,25529,14218,773361
2024-02-24,North,142152,32504,40269,28091,7609,729876
2024-02-24,South,117649,26766,51541,36381,5213,728324
2024-02-24,East,114674,38386,28009,35932,7108,662969
2024-02-24,West,63760,21695,37007,6908,3783,404458
2024-02-24,Central,71927,27796,46462,35358,12158,575720
2024-02-25,North,136475,52543,31542,35412,10294,783491
2024-02-25,South,111367,24559,37434,23174,7830,568572
2024-02-25,East,147955,48914,49765,20496,7831,779735
2024-02-25,West,62588,43139,43769,7928,2041,493696
2024-02-25,Central,102233,48333,42465,35632,13186,737454
2024-02-26,North,94738,18802,41868,37309,13410,630670
2024-02-26,South,83397,18307,40156,14280,8209,488428
2024-02-26,East,132189,50205,40300,26635,13182,770769
2024-02-26,West,126367,43214,73170,31957,14480,857739
2024-02-26,Central,121260,44159,70481,9963,13561,768307
2024-02-27,North,126619,21516,33435,32521,3061,623848
2024-02-27,South,69816,39086,24114,37615,12741,525890
2024-02-27,East,92240,58222,66336,26695,11868,780592
2024-02-27,West,56276,40480,56135,14357,5689,544121
2024-02-27,Central,129530,54659,28095,30176,9595,715742
2024-02-28,North,73499,57766,57909,23409,8807,683092
2024-02-28,South,138576,48737,23951,5987,5997,564173
2024-02-28,East,132495,19265,41468,6965,2325,591645
2024-02-28,West,121635,58629,47073,36318,9205,805677
2024-02-28,Central,135112,15454,67655,31015,3120,761423
2024-02-29,North,85946,45918,54341,34191,2107,666099
2024-02-29,South,105204,36181,66127,5868,12870,713359
2024-02-29,East,101886,25386,71786,34032,8294,785683
2024-02-29,West,121652,49182,22768,33305,7193,640330
2024-02-29,Central,65563,47425,58070,27640,9224,648939
2024-03-01,North,142324,53254,66514,23318,10526,902848
2024-03-01,South,142464,34327,75402,18246,4039,825517
2024-03-01,East,59847,31181,53979,38844,2803,588513
2024-03-01,West,76155,57662,45351,37602,12040,687042
2024-03-01,Central,129671,31452,35445,26584,2766,665143
2024-03-02,North,133310,48248,75107,20169,5527,912400
2024-03-02,South,117278,50801,68583,30968,4306,853488
2024-03-02,East,68309,43751,21160,11385,13021,430383
2024-03-02,West,50619,31991,42361,13222,3488,432639
2024-03-02,Central,133194,51311,27041,30444,6129,708538
2024-03-03,North,100108,19916,38767,10362,13758,511685
2024-03-03,South,84707,20143,30846,38718,4373,518925
2024-03-03,East,70337,35855,58644,13250,11028,601413
2024-03-03,West,131537,25581,39924,7818,5309,593203
2024-03-03,Central,116504,11907,65657,20053,8834,684898
2024-03-04,North,97614,39424,33882,32426,7735,662444
2024-03-04,South,141428,33308,34738,29892,13804,714189
2024-03-04,East,141155,51984,41019,34361,6834,812339
2024-03-04,West,50281,51505,21095,21007,12983,443615
2024-03-04,Central,77420,56525,58669,19241,8990,691434
2024-03-05,North,130896,46942,60983,28902,14404,867963
2024-03-05,South,89030,36957,65679,29506,5983,736367
2024-03-05,East,51058,35464,34123,22562,5768,461878
2024-03-05,West,136213,58476,48132,25239,3504,793453
2024-03-05,Central,126260,33649,21079,18065,8793,586462
2024-03-06,North,78404,52065,49657,38295,4450,694787
2024-03-06,South,79856,37125,65278,23443,13236,689872
2024-03-06,East,59200,44758,52375,14290,4033,537165
2024-03-06,West,114178,15596,44754,5211,10002,541488
2024-03-06,Central,83997,26374,71999,23098,11891,677369
2024-03-07,North,75611,13775,51153,24072,8019,548583
2024-03-07,South,91235,37388,38344,24650,12472,620830
2024-03-07,East,85057,31029,54241,20115,3307,591078
2024-03-07,West,51239,28445,57656,10149,12719,481996
2024-03-07,Central,115661,58474,24979,22716,14030,679309
2024-03-08,North,95272,24645,21212,37188,2975,547709
2024-03-08,South,139393,41105,74849,18621,12248,858179
2024-03-08,East,111212,23668,29001,11820,12618,517371
2024-03-08,West,65398,25960,33248,35399,13866,516436
2024-03-08,Central,106503,21357,53187,19002,12620,667610
2024-03-09,North,56638,47203,35608,33750,6939,562073
2024-03-09,South,56570,25804,56427,31074,5733,585037
2024-03-09,East,118785,24626,51368,22310,10551,659437
2024-03-09,West,59110,38132,25283,22006,4223,472974
2024-03-09,Central,129141,17951,45854,14671,2484,634331
2024-03-10,North,62115,16449,30715,32894,3428,447431
2024-03-10,South,89062,29065,36165,31193,4080,584024
2024-03-10,East,72911,45967,78784,15222,2695,719860
2024-03-10,West,82556,49536,54108,28786,8300,666620
2024-03-10,Central,128131,19130,46797,36509,6660,695492
2024-03-11,North,51969,33824,67573,5386,2201,535420
2024-03-11,South,93753,51401,30584,6634,14049,562643
2024-03-11,East,132811,46993,34780,9133,11390,675097
2024-03-11,West,54470,41875,57905,39735,11459,669173
2024-03-11,Central,60225,59748,41573,26952,13162,626726
2024-03-12,North,73196,16054,70513,29816,10265,633033
2024-03-12,South,63669,44273,53359,26529,10287,615173
2024-03-12,East,87380,51821,20526,10767,14460,553728
2024-03-12,West,98320,58517,27855,23383,5477,627289
2024-03-12,Central,97414,20832,63463,9901,4202,630046
2024-03-13,North,65577,39670,54060,19633,9490,615384
2024-03-13,South,138009,59112,70806,24163,10449,895432
2024-03-13,East,105409,32852,49482,15707,13850,657391
2024-03-13,West,78625,33620,36571,27576,8317,535252
2024-03-13,Central,131040,38307,51740,23061,6425,775387
2024-03-14,North,74089,57551,39142,16548,7350,590832
2024-03-14,South,86487,11551,45104,20115,4806,514101
2024-03-14,East,115838,57922,28625,14843,9163,630835
2024-03-14,West,146999,37812,59199,8841,14448,765433
2024-03-14,Central,144795,23799,75189,11416,2185,782990
2024-03-15,North,100138,36312,35926,15633,10070,579660
2024-03-15,South,92823,49620,51218,5594,10334,618334
2024-03-15,East,87208,11449,64472,19393,13545,622787
2024-03-15,West,104061,34426,46380,27743,9050,664101
2024-03-15,Central,80659,45427,77646,36971,10831,779359
2024-03-16,North,81890,50277,40566,9861,13941,594623
2024-03-16,South,129134,41551,76125,19846,4074,806411
2024-03-16,East,97055,34277,53205,31177,9654,648247
2024-03-16,West,69508,45489,63548,38682,14160,730059
2024-03-16,Central,92287,55212,49717,23228,2201,660307
2024-03-17,North,128916,19637,69984,39763,13284,830437
2024-03-17,South,76984,53258,61756,29009,7710,732536
2024-03-17,East,58125,45693,45135,5094,5165,510780
2024-03-17,West,86059,19824,48164,20100,13271,574120
2024-03-17,Central,119569,36950,28953,37917,14759,661290
2024-03-18,North,67087,33488,58562,22430,4102,574735
2024-03-18,South,55704,49008,23574,29974,11102,507801
2024-03-18,East,110576,59664,40169,36129,3571,750003
2024-03-18,West,123384,10215,79858,25860,7125,744458
2024-03-18,Central,137128,50067,41604,12276,13640,720434
2024-03-19,North,122460,21523,44134,5551,8697,600284
2024-03-19,South,77208,20364,69069,13486,7169,602001
2024-03-19,East,135150,13153,43202,22527,4159,631135
2024-03-19,West,116024,33834,20684,14745,14517,575532
2024-03-19,Central,89882,44474,57001,17997,12736,648062
2024-03-20,North,75923,53066,69729,23330,3329,732678
2024-03-20,South,79165,44335,65765,29829,5613,723296
2024-03-20,East,117203,20400,28007,13070,10652,548218
2024-03-20,West,141749,20345,69379,6320,10998,742968
2024-03-20,Central,54114,43896,55096,28507,5699,585464
2024-03-21,North,114965,29894,71883,11589,8027,733081
2024-03-21,South,86321,38899,61787,32459,4273,693487
2024-03-21,East,123297,50635,69582,20589,10250,835141
2024-03-21,West,146652,38229,29255,38168,12667,742701
2024-03-21,Central,149304,15583,52262,31732,6823,746867
2024-03-22,North,75426,14897,38093,36511,11347,533245
2024-03-22,South,67772,16001,25782,27426,9075,442696
2024-03-22,East,53712,53881,21234,35982,2497,523133
2024-03-22,West,51367,14567,77645,21746,8959,610641
2024-03-22,Central,141736,19271,57973,33514,8210,780726
2024-03-23,North,101924,57116,54188,8851,14517,683967
2024-03-23,South,53726,21703,51996,24796,9126,528445
2024-03-23,East,139152,23329,49204,15498,14620,704918
2024-03-23,West,77723,45509,37152,37852,5976,620069
2024-03-23,Central,59108,16256,75186,39592,8420,644684
2024-03-24,North,127714,10228,62364,20930,3607,667529
2024-03-24,South,85643,34746,45019,26159,10912,598772
2024-03-24,East,81324,26678,39488,34536,3274,544310
2024-03-24,West,133360,47052,57123,29252,14059,852858
2024-03-24,Central,58927,56032,39689,29003,2690,589755
2024-03-25,North,143680,56158,70690,27205,6023,919558
2024-03-25,South,146546,33185,48506,35523,9247,790353
2024-03-25,East,72443,43686,37715,12464,14344,557124
2024-03-25,West,129973,21445,77320,22110,5437,758393
2024-03-25,Central,113449,43266,76091,12121,4355,766298
2024-03-26,North,126743,12809,61029,14840,7581,686145
2024-03-26,South,110233,47729,33765,14461,2749,570088
2024-03-26,East,75537,51785,41942,25927,5051,616332
2024-03-26,West,127576,46547,58712,29398,14965,813048
2024-03-26,Central,72612,52818,59894,38086,9763,734810
2024-03-27,North,143977,44886,69632,20329,5564,847918
2024-03-27,South,56471,16391,58031,20791,14847,536810
2024-03-27,East,85631,10145,40478,19372,7758,514393
2024-03-27,West,142059,23929,42551,32354,3704,768052
2024-03-27,Central,81348,34326,68068,26537,13637,696505
2024-03-28,North,114732,39991,48072,39370,8074,767793
2024-03-28,South,51177,57685,55561,30405,14636,665774
2024-03-28,East,54760,47333,22892,28703,4377,488003
2024-03-28,West,82779,26576,53966,20234,10019,622912
2024-03-28,Central,71636,49405,44395,12532,7274,549611
2024-03-29,North,131889,38464,38756,11903,5231,645095
2024-03-29,South,103551,18243,71044,23242,8409,692438
2024-03-29,East,61556,41601,42174,18788,4215,501880
2024-03-29,West,77598,12410,54651,39588,8288,604933
2024-03-29,Central,61563,11820,74619,34513,8329,638456
2024-03-30,North,96819,45289,20797,24542,2885,569336
2024-03-30,South,123770,48650,28209,37294,2864,700791
2024-03-30,East,141055,44635,61003,8684,8917,801623
2024-03-30,West,76966,17465,69306,28795,13686,608712
2024-03-30,Central,131709,42439,41346,8651,5054,708867
2024-03-31,North,109889,37314,68025,15431,10977,746072
2024-03-31,South,76987,54229,48024,15131,10648,612896
2024-03-31,East,128714,29583,49414,29091,10536,740322
2024-03-31,West,108348,37155,73232,29845,2553,781770
2024-03-31,Central,74596,48871,60818,29491,7116,652041
2024-04-01,North,83174,22197,25947,9830,9683,433023
2024-04-01,South,114106,39511,29617,33640,2787,663810
2024-04-01,East,119967,25424,40704,12334,12011,625472
2024-04-01,West,109182,58821,48702,14304,10896,721115
2024-04-01,Central,143300,10240,21892,22032,6907,586619
2024-04-02,North,137163,14631,49754,30755,9190,720547
2024-04-02,South,89310,19599,78241,5016,11144,639331
2024-04-02,East,106088,54462,23424,13308,2814,560728
2024-04-02,West,58906,34658,62218,34654,11740,637935
2024-04-02,Central,86914,47845,33418,10942,10335,548331
2024-04-03,North,95379,42574,49886,7693,4777,607902
2024-04-03,South,128612,46536,54783,20562,5766,779832
2024-04-03,East,87650,51910,43057,11259,6958,588116
2024-04-03,West,96881,17995,75184,9942,5825,615535
2024-04-03,Central,96413,35186,24833,5371,3216,499948
2024-04-04,North,56012,39245,29894,32383,11999,495307
2024-04-04,South,100115,32813,68710,28404,6470,745722
2024-04-04,East,57151,23276,61833,12120,14964,537449
2024-04-04,West,107716,29989,20565,10702,12931,497949
2024-04-04,Central,143747,22746,60180,13347,8772,744733
2024-04-05,North,142653,54243,38402,30040,11481,776918
2024-04-05,South,86378,28557,62845,27542,9717,701441
2024-04-05,East,92652,38060,30315,13308,10747,587839
2024-04-05,West,122430,16568,32834,39142,2862,654454
2024-04-05,Central,63467,45369,22314,35690,8217,509177
2024-04-06,North,81010,29041,57180,12393,12677,540583
2024-04-06,South,104691,16080,23883,9403,7938,463833
2024-04-06,East,114157,23854,64152,8546,4355,626316
2024-04-06,West,62289,12159,30051,33893,11157,445079
2024-04-06,Central,94976,37025,60984,14388,4395,682055
2024-04-07,North,93596,51081,31695,28708,10667,668298
2024-04-07,South,73171,14368,43123,29726,11530,560257
2024-04-07,East,136365,44085,78481,19008,2524,860635
2024-04-07,West,149590,37094,27902,5111,12763,658211
2024-04-07,Central,94139,56040,65955,22545,2561,711488
2024-04-08,North,98713,11230,37573,7379,10167,446941
2024-04-08,South,79734,27517,76308,35237,10113,724909
2024-04-08,East,122588,33991,49374,26810,9416,735431
2024-04-08,West,113646,11301,76494,22809,13894,723085
2024-04-08,Central,53654,38610,32288,13469,6664,455639
2024-04-09,North,139022,25927,66978,32967,3205,791971
2024-04-09,South,68743,44678,26884,14748,14225,495536
2024-04-09,East,98368,34466,72309,28424,14039,777113
2024-04-09,West,140025,24904,30559,25976,14393,681860
2024-04-09,Central,124172,50875,74672,28914,4238,862386
2024-04-10,North,56441,36081,38125,35067,3160,531473
2024-04-10,South,74611,34354,23688,17942,14987,446297
2024-04-10,East,62149,37761,43869,24491,7239,542226
2024-04-10,West,109189,28300,66882,9533,14017,708433
2024-04-10,Central,71675,39491,58137,28583,8974,642939
2024-04-11,North,121031,45525,74796,32821,2071,842393
2024-04-11,South,92668,36532,64706,35261,2754,744640
2024-04-11,East,63673,16464,78241,34945,9298,708146
2024-04-11,West,126666,26562,24023,22384,8600,631452
2024-04-11,Central,138204,51856,68750,33410,14044,926329
2024-04-12,North,130758,57892,37100,17198,11096,746766
2024-04-12,South,115429,57028,56735,34354,10152,859912
2024-04-12,East,73669,52511,27423,12169,10243,519300
2024-04-12,West,84068,18683,59218,36909,4621,650740
2024-04-12,Central,138789,42634,32213,8830,5190,638552
2024-04-13,North,59435,10060,55983,26404,5948,554368
2024-04-13,South,144088,19269,76977,32757,3287,861533
2024-04-13,East,102249,33065,53158,38766,7358,712501
2024-04-13,West,87384,12895,48460,20942,9518,531811
2024-04-13,Central,131929,25323,79043,37419,9036,833857
2024-04-14,North,126153,22352,72189,21668,6780,728982
2024-04-14,South,125388,54643,51017,21246,3772,748849
2024-04-14,East,81401,59737,53000,29996,5902,730070
2024-04-14,West,121831,48591,46502,8065,7726,686560
2024-04-14,Central,84084,40890,50990,15467,14112,594102
2024-04-15,North,105826,42016,39515,26007,8200,637567
2024-04-15,South,86451,21962,49991,7543,11141,536292
2024-04-15,East,57227,43302,27634,33702,5138,545212
2024-04-15,West,81910,29846,31498,33833,9213,535107
2024-04-15,Central,86041,14011,30916,15033,4416,451425
2024-04-16,North,138920,29782,49377,39169,12471,787278
2024-04-16,South,115681,12155,53001,21829,11617,628978
2024-04-16,East,131571,49725,21391,9522,9051,591626
2024-04-16,West,115481,19196,63852,25151,3584,709424
2024-04-16,Central,118576,53459,62215,31543,3046,812443
2024-04-17,North,114174,31709,34184,35473,8984,652390
2024-04-17,South,76160,23327,47114,12699,4165,521300
2024-04-17,East,67633,45474,31882,7629,14215,508894
2024-04-17,West,144880,42769,67606,15156,7719,814818
2024-04-17,Central,67014,51993,37273,22441,9222,575532
2024-04-18,North,130532,34700,60670,35716,3176,822593
2024-04-18,South,99104,24820,65647,11834,8411,639379
2024-04-18,East,91621,20891,37129,23179,10074,554924
2024-04-18,West,127231,44629,62679,31219,12352,830279
2024-04-18,Central,118388,15269,20427,20782,11223,511744
2024-04-19,North,66014,53880,51416,20827,5288,597165
2024-04-19,South,142578,58467,20731,14431,14718,728954
2024-04-19,East,83755,18320,20799,14496,3315,395222
2024-04-19,West,90390,59589,75659,28331,2892,796296
2024-04-19,Central,73711,20740,48873,28563,7169,535390
2024-04-20,North,141658,45897,27025,8712,10298,652714
2024-04-20,South,107993,40930,34481,33531,5080,637875
2024-04-20,East,124696,27285,45411,37664,10936,714683
2024-04-20,West,77213,24380,51358,17420,8466,565485
2024-04-20,Central,107784,21360,60392,10315,10813,641810
2024-04-21,North,57421,15398,77478,10381,7090,523265
2024-04-21,South,136936,15529,34961,14497,6240,606486
2024-04-21,East,149073,39062,41767,34040,11012,798756
2024-04-21,West,67727,46686,75359,37375,2411,769189
2024-04-21,Central,54358,27451,71690,18494,10305,618706
2024-04-22,North,115108,59178,72870,36752,4446,862134
2024-04-22,South,144018,16937,61000,30357,5346,787090
2024-04-22,East,82117,49886,56135,21950,14411,717833
2024-04-22,West,138700,59699,41392,20752,2085,772409
2024-04-22,Central,81910,20860,33262,9132,9749,465627
2024-04-23,North,148032,35142,25229,33276,6142,709671
2024-04-23,South,105754,35279,43772,25551,9087,672500
2024-04-23,East,112438,48106,38799,31975,9368,718927
2024-04-23,West,79371,55240,66515,7670,11764,640133
2024-04-23,Central,101501,45908,43555,14364,7834,629214
2024-04-24,North,110946,50764,46616,31296,12197,746334
2024-04-24,South,88467,58257,39333,29680,14271,699968
2024-04-24,East,67625,24201,24261,23066,2803,448583
2024-04-24,West,83893,50544,74297,33892,8719,790059
2024-04-24,Central,126329,47711,23466,15041,13526,608017
2024-04-25,North,81007,55654,66553,14054,8085,707174
2024-04-25,South,141302,18997,23088,16637,13541,572390
2024-04-25,East,89532,50566,65783,15757,11261,704210
2024-04-25,West,104253,30175,21115,32484,12861,622675
2024-04-25,Central,62323,50860,24578,17329,14333,482462
2024-04-26,North,123379,13225,22590,38538,12963,567994
2024-04-26,South,64210,54578,27372,32115,14827,587874
2024-04-26,East,66456,57682,23573,31038,6182,568616
2024-04-26,West,81367,45228,22978,14901,11600,523938
2024-04-26,Central,104624,51505,63407,22374,13932,792673
2024-04-27,North,60106,56688,29422,37806,2264,577778
2024-04-27,South,118008,33110,63626,22659,14040,759362
2024-04-27,East,122240,20754,43697,28453,5093,671212
2024-04-27,West,114315,36655,76174,35498,6798,870459
2024-04-27,Central,119249,53601,50820,9857,11665,694820
2024-04-28,North,120587,13114,57743,21312,10143,654493
2024-04-28,South,60756,36502,24925,6436,14473,425126
2024-04-28,East,118011,59768,77199,32569,2325,906866
2024-04-28,West,86378,58128,77242,29949,3206,774719
2024-04-28,Central,54255,30028,49430,12693,14684,485769
2024-04-29,North,64484,27587,48834,14305,11696,518820
2024-04-29,South,106549,52719,44435,37646,13726,761734
2024-04-29,East,84503,45333,41676,32302,3440,626718
2024-04-29,West,123794,13174,75797,15590,7184,768009
2024-04-29,Central,95113,45398,63554,8123,11147,678419
2024-04-30,North,124069,45929,74555,9158,10746,804345
2024-04-30,South,148117,14321,39814,13700,7136,637392
2024-04-30,East,55249,40435,34716,15531,13446,483775
2024-04-30,West,69201,55972,47528,32738,14331,675030
2024-04-30,Central,108576,17099,21995,14879,10140,441426
2024-05-01,North,59686,33760,42414,10543,7819,452885
2024-05-01,South,103363,21360,33844,23581,10069,554237
2024-05-01,East,147543,20313,56659,18582,14769,767261
2024-05-01,West,50661,56270,35522,35276,4036,563103
2024-05-01,Central,94843,30462,59913,9799,11478,608770
2024-05-02,North,145673,15801,28498,30091,11389,672560
2024-05-02,South,110963,24130,62322,33234,7560,757546
2024-05-02,East,92828,24271,22102,29605,14853,495959
2024-05-02,West,98604,26075,55798,36668,12459,703121
2024-05-02,Central,60526,46919,28524,9111,5629,395911
2024-05-03,North,118910,51679,50846,29686,13657,780682
2024-05-03,South,75592,28984,28107,12015,10963,490027
2024-05-03,East,78982,32559,69394,11856,7314,630670
2024-05-03,West,50207,22861,38268,21490,4456,403677
2024-05-03,Central,138733,43434,67703,19497,10662,810380
2024-05-04,North,148936,26667,44399,28194,3370,716703
2024-05-04,South,118619,15840,29624,10316,9629,504493
2024-05-04,East,79328,13565,47126,9693,13324,450236
2024-05-04,West,96479,53194,43131,34954,10863,723953
2024-05-04,Central,70103,30977,77646,26652,3174,689279
2024-05-05,North,89891,31118,68591,19178,2110,656784
2024-05-05,South,60754,32641,40714,19751,5559,533824
2024-05-05,East,149983,17366,60631,5425,8692,697361
2024-05-05,West,131437,36636,55877,8044,11218,736654
2024-05-05,Central,148540,25630,38570,16480,13746,659937
2024-05-06,North,122982,30056,32482,6239,5233,565852
2024-05-06,South,105922,17382,54318,11566,14631,612967
2024-05-06,East,98231,26149,79136,24775,3472,720013
2024-05-06,West,79301,58639,53414,8006,12571,644332
2024-05-06,Central,141652,56041,75296,12025,6872,864853
2024-05-07,North,112711,10992,41040,24423,13163,584481
2024-05-07,South,91323,16858,33407,30174,12573,537606
2024-05-07,East,68752,12121,78056,31663,13482,630143
2024-05-07,West,147912,37160,65468,38952,6753,903427
2024-05-07,Central,132205,55156,53305,32326,3833,841847
2024-05-08,North,148452,30906,34166,36139,7928,735387
2024-05-08,South,63395,29572,26572,13102,10645,425479
2024-05-08,East,135957,14136,53002,12116,8816,635951
2024-05-08,West,106273,26727,46972,17937,2740,576964
2024-05-08,Central,141878,42167,66835,35161,9256,882112
2024-05-09,North,54895,55421,62464,9383,4380,608777
2024-05-09,South,126559,25479,66918,25320,12549,772715
2024-05-09,East,60699,41376,42923,9507,11635,495342
2024-05-09,West,115061,14823,70526,19735,5680,701371
2024-05-09,Central,59715,14920,21909,34713,11940,408741
2024-05-10,North,69169,29585,78259,21519,4401,634306
2024-05-10,South,66163,48239,64918,7025,13363,614055
2024-05-10,East,55782,27272,76370,24919,14432,625830
2024-05-10,West,138177,36619,52848,24141,9177,745748
2024-05-10,Central,134328,19533,22083,34696,4006,630277
2024-05-11,North,85585,49895,66146,8773,11978,726953
2024-05-11,South,80682,13720,67985,29956,3409,595376
2024-05-11,East,97864,29267,70842,20819,3762,687901
2024-05-11,West,134416,25696,37140,6528,2909,593843
2024-05-11,Central,105114,39968,22670,25955,2760,535319
2024-05-12,North,88067,33345,56519,10049,8638,594270
2024-05-12,South,92685,35693,64512,38616,7612,744217
2024-05-12,East,68073,29385,77811,25511,5240,678949
2024-05-12,West,86035,28122,58029,15119,12881,594793
2024-05-12,Central,114977,11364,34691,15357,2530,507817
2024-05-13,North,140373,12708,59620,21167,11551,744152
2024-05-13,South,133362,22982,54262,27253,14010,751192
2024-05-13,East,140517,27308,74892,39889,12219,911393
2024-05-13,West,115450,42919,45595,34798,4560,695593
2024-05-13,Central,60382,35161,77207,9681,4177,594136
2024-05-14,North,54437,45089,70053,19755,7103,665245
2024-05-14,South,120971,23865,53440,5472,9706,624667
2024-05-14,East,114612,10495,28630,37881,3537,569677
2024-05-14,West,140355,54755,51250,18690,11465,806852
2024-05-14,Central,111929,12148,48798,30912,4781,660612
2024-05-15,North,147518,43324,63036,11473,2946,782034
2024-05-15,South,148864,23393,53212,23669,7257,765971
2024-05-15,East,62329,11552,61925,38964,11490,602811
2024-05-15,West,75169,45853,31982,21462,7097,515396
2024-05-15,Central,137468,42924,28655,25943,4511,680912
2024-05-16,North,84594,18926,38582,15832,4188,469703
2024-05-16,South,126957,40851,55055,10385,8063,687174
2024-05-16,East,110631,33889,64725,35362,2881,790601
2024-05-16,West,95033,49930,24008,19708,3847,535677
2024-05-16,Central,113133,18055,64464,28438,8599,726570
2024-05-17,North,123165,14654,61872,22211,3975,667818
2024-05-17,South,123861,32634,20496,19571,8577,602339
2024-05-17,East,102290,42363,54231,26307,7726,698868
2024-05-17,West,144031,21468,43212,16002,14460,688969
2024-05-17,Central,81750,42922,40637,27440,6568,593539
2024-05-18,North,145155,50718,65227,6965,9163,775312
2024-05-18,South,90461,58091,36877,37556,13156,672340
2024-05-18,East,123800,27380,74217,7427,8582,693705
2024-05-18,West,128222,36870,74582,30189,13255,866740
2024-05-18,Central,74226,47394,37810,30138,13320,610536
2024-05-19,North,56721,24259,29884,11563,10689,407857
2024-05-19,South,106154,24873,70945,19387,4216,686486
2024-05-19,East,70609,23016,22723,10840,11180,353336
2024-05-19,West,102130,52137,69810,20154,7701,802955
2024-05-19,Central,122909,10153,24761,29194,10017,578787
2024-05-20,North,105249,17853,27630,27448,4608,539963
2024-05-20,South,98895,22379,36375,35924,12667,633159
2024-05-20,East,144473,25792,61509,28528,14706,811822
2024-05-20,West,55656,48367,45218,34402,11562,613947
2024-05-20,Central,124520,28100,50565,9352,13780,644079
2024-05-21,North,113740,57553,57118,5184,12694,707599
2024-05-21,South,114309,21049,52975,15384,6809,596747
2024-05-21,East,79984,10786,47073,19319,8345,489861
2024-05-21,West,123822,14368,24190,25449,2178,596085
2024-05-21,Central,55901,40699,21883,15426,9771,392509
2024-05-22,North,81552,57691,22886,12504,9971,513449
2024-05-22,South,141245,47040,69629,38368,3929,917155
2024-05-22,East,81055,37454,28953,37094,4548,617685
2024-05-22,West,87685,48762,28381,19685,6834,540594
2024-05-22,Central,123965,33600,43238,13724,2111,623347
2024-05-23,North,64716,39238,33795,10084,13411,490230
2024-05-23,South,61138,35241,50428,39810,9948,631809
2024-05-23,East,85298,29810,69907,21741,2714,649934
2024-05-23,West,101112,30167,29638,21761,11593,544502
2024-05-23,Central,73429,31811,24931,18336,13116,478095
2024-05-24,North,100200,49779,62623,25872,8034,750872
2024-05-24,South,121308,30085,58492,18414,3381,704453
2024-05-24,East,98244,56854,46411,9797,5127,642972
2024-05-24,West,67347,19261,65188,8307,9483,541969
2024-05-24,Central,66920,28733,40534,37568,13203,582625
2024-05-25,North,81822,49779,56828,7596,3208,575250
2024-05-25,South,96659,39079,49181,22167,13317,650566
2024-05-25,East,90108,43980,57533,27308,2036,693665
2024-05-25,West,139099,24141,39996,29215,3828,706274
2024-05-25,Central,57967,19344,26553,16795,13252,387808
2024-05-26,North,61871,49472,60146,19984,5341,587412
2024-05-26,South,144299,25896,38073,17134,9006,693690
2024-05-26,East,127452,33817,70468,15782,9675,793653
2024-05-26,West,124270,39813,27130,26651,7347,648715
2024-05-26,Central,83613,28895,49405,29022,14133,613890
2024-05-27,North,78179,10143,55954,23922,9890,565205
2024-05-27,South,102188,20681,25789,19618,2809,485850
2024-05-27,East,105099,17367,48930,22245,13264,632474
2024-05-27,West,85262,13228,68890,23260,6118,657980
2024-05-27,Central,128213,14582,37529,15027,3526,564288
2024-05-28,North,68268,23147,73546,18986,13711,643776
2024-05-28,South,127866,21397,27942,8526,2495,517352
2024-05-28,East,136269,48799,27548,31261,2424,732070
2024-05-28,West,110545,47011,69712,6622,4747,723983
2024-05-28,Central,142822,23647,38296,34533,12257,755516
2024-05-29,North,122146,37718,71016,23316,3982,786599
2024-05-29,South,121966,54264,52244,13699,3468,713611
2024-05-29,East,89922,52317,20296,18955,9728,542051
2024-05-29,West,129364,57914,22409,36543,8770,727767
2024-05-29,Central,92913,29097,79980,21673,13992,748059
2024-05-30,North,147033,46953,76782,28395,3233,914840
2024-05-30,South,105677,55254,54229,28707,11989,776232
2024-05-30,East,99841,50096,50846,24213,10756,714794
2024-05-30,West,96332,59452,73444,15401,5019,768354
2024-05-30,Central,142062,27107,55036,26196,3304,761482
2024-05-31,North,145694,13010,70146,30976,10034,800608
2024-05-31,South,75032,15555,59322,13758,2132,563946
2024-05-31,East,87846,10067,69159,6473,2448,559985
2024-05-31,West,109474,38412,47167,18281,8407,670632
2024-05-31,Central,94936,54953,71667,37548,12022,840422
2024-06-01,North,79794,44305,48991,23371,12350,620450
2024-06-01,South,111588,59549,37801,33363,13818,769947
2024-06-01,East,120984,21549,71468,17057,2849,724974
2024-06-01,West,100331,15680,27358,24644,7357,456002
2024-06-01,Central,144397,35739,73084,33123,5962,926912
2024-06-02,North,78141,31209,42588,28874,11672,598491
2024-06-02,South,59074,51515,37671,28123,11092,565907
2024-06-02,East,56406,32432,37502,19281,6854,481623
2024-06-02,West,147359,25116,45128,8251,3539,668646
2024-06-02,Central,73291,30045,51645,27289,3899,593157
2024-06-03,North,91568,36327,27637,10054,4944,476115
2024-06-03,South,147539,45709,20660,39484,6957,742145
2024-06-03,East,96851,53617,61675,6310,7943,693690
2024-06-03,West,149942,36905,26922,34146,5244,747895
2024-06-03,Central,104823,17067,48161,34312,8336,644718
2024-06-04,North,73312,42559,64721,35981,10706,725810
2024-06-04,South,93108,52919,77256,9257,3591,721927
2024-06-04,East,116918,27985,75489,20846,9953,772418
2024-06-04,West,84171,37369,71681,27483,9855,742500
2024-06-04,Central,91779,27864,23970,31558,9795,525278
2024-06-05,North,118828,32614,23407,18012,10275,564370
2024-06-05,South,148723,57894,78802,38236,5742,986729
2024-06-05,East,62411,25613,47843,33931,4127,524142
2024-06-05,West,107009,16447,29046,37076,3601,552800
2024-06-05,Central,65422,15499,43800,19801,14809,495419
2024-06-06,North,92468,49041,34547,14628,3222,569200
2024-06-06,South,82371,41315,57528,13728,7690,606263
2024-06-06,East,107022,11299,51389,22335,14521,657804
2024-06-06,West,121229,49469,71049,33570,3842,846818
2024-06-06,Central,149071,14994,50346,27459,12483,752607
2024-06-07,North,101196,39878,42748,12077,10058,612660
2024-06-07,South,130354,25627,77616,6971,11781,766154
2024-06-07,East,146774,17489,66233,38959,7565,799202
2024-06-07,West,146410,36111,56855,8046,13088,781518
2024-06-07,Central,76715,42355,45848,17703,6488,583570
2024-06-08,North,77605,18269,73526,13043,10200,627353
2024-06-08,South,149853,12831,27607,7804,14900,603441
2024-06-08,East,81174,54370,56787,15176,8950,698482
2024-06-08,West,59956,21819,53583,8936,10906,462799
2024-06-08,Central,126373,34813,32563,36174,3927,670711
2024-06-09,North,119252,31637,66060,22096,10301,743578
2024-06-09,South,111949,11996,76407,28232,6929,716832
2024-06-09,East,112646,54387,68926,30909,10457,876009
2024-06-09,West,120017,59429,53690,13366,7492,734790
2024-06-09,Central,113037,13089,65697,24589,5223,673569
2024-06-10,North,139818,43291,49176,11506,8127,700017
2024-06-10,South,56548,30659,34925,33842,7071,520276
2024-06-10,East,123294,55178,41251,22458,2954,720731
2024-06-10,West,73177,40429,37648,26831,9050,584496
2024-06-10,Central,74022,25732,40108,13783,11541,508025
2024-06-11,North,55542,29506,30979,16170,3574,382203
2024-06-11,South,141012,50935,22722,19609,12415,693383
2024-06-11,East,146320,15190,25355,28035,8668,606434
2024-06-11,West,110428,14575,66069,21208,9095,679311
2024-06-11,Central,72740,50495,48799,18636,14023,610081
2024-06-12,North,109353,58146,55318,14039,9720,774341
2024-06-12,South,140353,44565,74471,19990,5255,916205
2024-06-12,East,106532,44899,52705,11441,3058,653110
2024-06-12,West,66052,33706,63909,13685,3957,579674
2024-06-12,Central,97076,57668,43070,18778,8648,625291
2024-06-13,North,103420,32884,70825,31862,6944,733021
2024-06-13,South,50671,27199,73739,32273,7058,638026
2024-06-13,East,50163,54100,31284,33413,13339,555819
2024-06-13,West,91424,49434,41737,8956,4519,592619
2024-06-13,Central,103744,59294,43241,11553,13845,662370
2024-06-14,North,120331,22479,47414,28253,9913,682685
2024-06-14,South,60634,44178,70818,28915,4570,627143
2024-06-14,East,54798,22665,40895,7365,13119,408401
2024-06-14,West,72420,10534,46771,11668,9450,468805
2024-06-14,Central,79300,36292,75324,10000,5887,689127
2024-06-15,North,139881,46132,21384,8675,9703,621063
2024-06-15,South,60749,46110,73555,17907,8417,675727
2024-06-15,East,75121,32469,73106,22336,11079,664580
2024-06-15,West,87487,56233,42689,24684,2744,658926
2024-06-15,Central,143947,47268,47475,33311,8420,815121
2024-06-16,North,83361,11172,28252,20136,5514,475524
2024-06-16,South,71223,37914,50844,17219,4930,558724
2024-06-16,East,122930,30901,50151,8247,7537,641173
2024-06-16,West,64056,50775,60006,9415,12871,626666
2024-06-16,Central,78380,44409,43365,11472,8713,570263
2024-06-17,North,76035,59623,26026,27380,2175,565931
2024-06-17,South,80620,29324,52767,32280,2565,626896
2024-06-17,East,69877,18738,48523,26859,5217,508343
2024-06-17,West,105316,47494,75761,38805,6357,861873
2024-06-17,Central,114041,54557,30482,13262,14818,657740
2024-06-18,North,103352,34054,66569,16066,7973,690541
2024-06-18,South,80911,39709,68888,20554,11586,684669
2024-06-18,East,82784,53785,68348,12008,7802,686748
2024-06-18,West,53191,30107,61432,27315,9034,553979
2024-06-18,Central,83160,10363,70110,20263,11412,621477
2024-06-19,North,140536,20358,45108,21238,2947,663569
2024-06-19,South,114641,46077,20493,21489,10776,614697
2024-06-19,East,99723,59697,76194,22153,13054,833169
2024-06-19,West,53631,13240,36465,29283,11812,458067
2024-06-19,Central,56172,16665,59767,16687,5355,464335
2024-06-20,North,92080,55689,49550,27998,12541,695621
2024-06-20,South,139097,11936,33833,33887,7251,635150
2024-06-20,East,140353,56736,22970,9355,5191,680036
2024-06-20,West,70281,35538,52779,38701,7847,652642
2024-06-20,Central,78671,53965,49958,10906,13399,618103
2024-06-21,North,101431,21998,76976,17572,8716,696857
2024-06-21,South,140900,10882,68319,17279,12768,756106
2024-06-21,East,142961,30224,37145,15611,2531,644572
2024-06-21,West,78602,49691,55953,13261,3231,636977
2024-06-21,Central,138789,56476,69177,9474,12185,846350
2024-06-22,North,101399,40825,21806,30878,3697,604523
2024-06-22,South,73472,15204,75803,33390,5370,641216
2024-06-22,East,99230,38885,25664,31925,3545,583654
2024-06-22,West,123616,50056,48900,21638,13357,738876
2024-06-22,Central,57099,13203,34126,28471,3437,457947
2024-06-23,North,75431,12244,65662,9787,10562,543753
2024-06-23,South,106492,42786,25154,12862,6504,533082
2024-06-23,East,146722,59793,42208,15663,7502,766798
2024-06-23,West,97684,13083,33767,21120,9608,521943
2024-06-23,Central,80111,31584,40043,27740,7997,531915
2024-06-24,North,113936,18521,67994,7035,7566,648569
2024-06-24,South,72614,43541,21525,39735,9786,539853
2024-06-24,East,142260,39063,53528,6852,10808,729356
2024-06-24,West,91991,14732,36978,13303,6166,483002
2024-06-24,Central,120476,37518,76344,5164,6014,747253
2024-06-25,North,110920,49563,66648,39905,14371,855667
2024-06-25,South,144294,49752,21055,15215,4256,659287
2024-06-25,East,113530,39697,30046,35694,6354,695735
2024-06-25,West,86224,12567,55851,36253,5310,639648
2024-06-25,Central,57788,26121,35678,29230,9399,479893
2024-06-26,North,78082,11674,64876,21925,2931,586830
2024-06-26,South,139570,20875,72827,11033,4329,763651
2024-06-26,East,126816,54340,46624,7665,2393,690588
2024-06-26,West,133588,10739,62418,32025,4465,736241
2024-06-26,Central,66531,11545,58725,28533,5277,557032
2024-06-27,North,138340,39140,25255,17125,7430,624480
2024-06-27,South,144439,19327,29411,25998,9002,640907
2024-06-27,East,94857,15127,73380,28057,12121,694531
2024-06-27,West,60142,33331,69112,18708,10817,608514
2024-06-27,Central,98355,33004,73333,23072,7988,728778
2024-06-28,North,59866,51833,62459,10095,9509,618194
2024-06-28,South,120067,20492,70982,36495,7932,789697
2024-06-28,East,114027,23749,56163,6637,14849,646680
2024-06-28,West,107906,33508,53971,19670,13071,731562
2024-06-28,Central,78138,19045,51235,33658,13358,591238
2024-06-29,North,142601,30116,39194,10203,13614,670918
2024-06-29,South,79956,28667,39476,26518,12301,571381
2024-06-29,East,126295,19521,23044,13669,11357,558870
2024-06-29,West,55439,18669,75223,7366,4781,539528
2024-06-29,Central,97241,37302,60040,23910,12083,681162
2024-06-30,North,92533,21283,41057,36087,13374,599213
2024-06-30,South,78270,40935,23514,5366,3639,441524
2024-06-30,East,128815,16998,29990,14907,10973,553294
2024-06-30,West,89279,38806,58960,35289,14884,699206
2024-06-30,Central,73888,41624,63535,37780,12248,704330
2024-07-01,North,67630,23440,69296,24623,12515,611770
2024-07-01,South,111063,55465,27507,25426,4274,631432
2024-07-01,East,85144,56501,24857,12485,12425,600873
2024-07-01,West,102161,31797,32118,38024,12830,644315
2024-07-01,Central,146718,11269,70529,30469,13479,818628
2024-07-02,North,141074,17868,23146,20903,4480,599383
2024-07-02,South,127360,40251,46401,8212,12808,715080
2024-07-02,East,100979,22373,74176,32799,8799,756398
2024-07-02,West,147661,28987,69945,21087,10547,851143
2024-07-02,Central,56979,48729,46177,12446,14679,536221
2024-07-03,North,76189,25734,58524,34281,6674,616975
2024-07-03,South,92600,52429,24414,19877,13538,601272
2024-07-03,East,109560,51337,37494,29723,5522,710762
2024-07-03,West,128040,50325,74824,17943,12659,874413
2024-07-03,Central,111558,28064,40437,15306,8104,597125
2024-07-04,North,136205,18433,23937,25455,7819,580699
2024-07-04,South,56910,58421,56731,29491,2163,642395
2024-07-04,East,107713,19111,41326,10912,8922,571056
2024-07-04,West,96857,48450,58665,34974,13826,760396
2024-07-04,Central,84964,58247,28974,32371,14925,649920
2024-07-05,North,135667,25047,67145,38210,13855,828915
2024-07-05,South,75227,18084,37500,8936,13446,446663
2024-07-05,East,55978,31751,68824,38166,5381,633226
2024-07-05,West,137527,26453,21750,30727,4064,624356
2024-07-05,Central,67153,30308,79920,33368,8589,702901
2024-07-06,North,109765,48968,24027,7995,14457,540190
2024-07-06,South,149084,40077,64296,39984,9447,922059
2024-07-06,East,89071,53046,25745,31563,5984,619420
2024-07-06,West,119519,44775,41448,27150,5887,706836
2024-07-06,Central,59503,58570,62447,27061,2339,651163
2024-07-07,North,110703,56097,48451,34178,6821,749910
2024-07-07,South,114379,34503,48207,5160,5781,658517
2024-07-07,East,145457,12779,25938,20648,5590,536737
2024-07-07,West,107866,31304,32150,8573,12125,524619
2024-07-07,Central,66905,10755,33406,39593,7130,528978
2024-07-08,North,95838,49263,39781,18786,9691,680893
2024-07-08,South,108279,52955,77417,33500,11837,914137
2024-07-08,East,139489,52281,70511,14815,14420,878938
2024-07-08,West,76806,27400,78435,26966,12879,695365
2024-07-08,Central,95000,50115,57621,18794,9315,669085
2024-07-09,North,72168,24249,38325,36423,9733,561536
2024-07-09,South,120119,57647,23148,38944,7049,700971
2024-07-09,East,88714,56825,48879,26302,12318,733501
2024-07-09,West,104093,54825,69011,26264,14633,784871
2024-07-09,Central,105419,34600,27933,24604,6704,582610
2024-07-10,North,99145,47706,29436,32835,2638,647497
2024-07-10,South,127425,29222,37669,12820,9709,641445
2024-07-10,East,142949,43505,26474,6499,7143,647488
2024-07-10,West,127811,48968,67447,28814,3224,850325
2024-07-10,Central,52461,51139,31228,29089,13897,541641
2024-07-11,North,64291,59383,53538,12626,14102,643583
2024-07-11,South,96804,51302,21843,37746,6245,634701
2024-07-11,East,126971,39148,20073,21137,11741,620081
2024-07-11,West,143471,32302,70812,26260,7423,846275
2024-07-11,Central,114946,12623,36059,31283,14337,599932
2024-07-12,North,148989,18646,40733,6769,8607,605249
2024-07-12,South,134080,23543,76254,20634,9407,778329
2024-07-12,East,111332,38960,60768,15965,11697,709889
2024-07-12,West,127794,32785,45395,32566,10073,731136
2024-07-12,Central,80841,22817,40202,38143,10152,565812
2024-07-13,North,98758,41406,33273,24420,14622,598070
2024-07-13,South,126272,33456,68889,30236,11567,813271
2024-07-13,East,87643,33777,53099,11218,10859,611856
2024-07-13,West,100408,30914,70573,13495,7768,646420
2024-07-13,Central,93950,39553,27512,38853,4374,589548
2024-07-14,North,106849,33548,48231,18073,6090,639357
2024-07-14,South,78044,47265,43274,16371,3015,599063
2024-07-14,East,65997,50701,57699,22594,2335,674857
2024-07-14,West,129751,16727,79035,16226,14953,770551
2024-07-14,Central,148605,54924,65510,15046,2080,848010
2024-07-15,North,73911,42427,42409,9965,4134,522086
2024-07-15,South,105533,26692,66194,18336,11991,701384
2024-07-15,East,132566,41625,73560,24843,2257,841096
2024-07-15,West,144870,34918,25113,22373,2184,652385
2024-07-15,Central,64571,51395,61187,11654,8841,592104
2024-07-16,North,144463,51136,22881,36280,2122,704073
2024-07-16,South,107941,59290,65913,27407,10056,841717
2024-07-16,East,108005,59345,66324,7358,9263,753766
2024-07-16,West,136250,25577,39249,31583,6700,714962
2024-07-16,Central,108712,29619,55343,33706,8658,721771
2024-07-17,North,93541,56240,32714,11360,5514,555555
2024-07-17,South,73387,43710,58953,8743,7633,627340
2024-07-17,East,143980,47388,28656,12159,8077,676075
2024-07-17,West,98908,26195,25741,37151,3394,550690
2024-07-17,Central,135457,37689,36661,5518,4352,615686
2024-07-18,North,63057,21154,51555,21652,13411,505701
2024-07-18,South,114028,49121,48690,17925,11500,719584
2024-07-18,East,105731,39412,52833,10475,7961,644256
2024-07-18,West,74858,31341,57030,14886,5944,613649
2024-07-18,Central,98689,42018,25704,16465,12133,567884
2024-07-19,North,94638,19145,68123,16221,8405,679266
2024-07-19,South,141598,52262,61362,29395,2490,844866
2024-07-19,East,96486,56330,32175,7335,3054,564069
2024-07-19,West,70567,32223,77141,9576,2701,638370
2024-07-19,Central,79739,12880,32696,5500,4934,409667
2024-07-20,North,107804,31271,59023,31675,7387,724738
2024-07-20,South,53754,43313,60209,13083,8037,545494
2024-07-20,East,77044,56900,48054,20720,6695,597870
2024-07-20,West,117260,23304,41076,10543,11326,582519
2024-07-20,Central,116912,44695,34986,8276,10271,612272
2024-07-21,North,58706,40225,66118,35635,11027,681249
2024-07-21,South,58894,30536,34440,29180,10843,471506
2024-07-21,East,68037,40831,73571,11613,2416,614761
2024-07-21,West,133986,59156,27960,6327,7566,669386
2024-07-21,Central,131942,21673,42462,15666,7173,645599
2024-07-22,North,101612,31917,37821,31255,7999,630474
2024-07-22,South,79725,37829,77772,25130,13872,732655
2024-07-22,East,55926,25372,47258,27068,5866,487691
2024-07-22,West,59496,35938,47353,23946,10937,570728
2024-07-22,Central,106447,12663,43416,25547,4002,589728
2024-07-23,North,79806,57801,42115,24701,2239,620826
2024-07-23,South,138199,19465,72530,10769,13085,774538
2024-07-23,East,91321,13326,66433,29883,3944,645109
2024-07-23,West,115095,13659,44968,18663,8561,577382
2024-07-23,Central,72656,37594,42731,27852,11047,603456
2024-07-24,North,105147,14763,42785,25388,13707,596571
2024-07-24,South,141396,33121,59397,38434,12838,842073
2024-07-24,East,99666,20828,33828,27102,7867,531905
2024-07-24,West,132368,57588,24541,26536,5194,681317
2024-07-24,Central,88787,21221,60644,17355,14707,635303
2024-07-25,North,112946,21211,33311,7234,9733,533085
2024-07-25,South,71727,23569,77685,36147,8359,680604
2024-07-25,East,145081,41358,77476,28659,9587,892388
2024-07-25,West,118056,47860,50531,21560,6804,771962
2024-07-25,Central,53081,16022,34588,28088,12790,452301
2024-07-26,North,84196,55337,69416,7928,3353,712809
2024-07-26,South,86735,23515,32380,33184,12227,587345
2024-07-26,East,130102,16159,62645,25099,4880,703355
2024-07-26,West,129578,55991,37818,9274,2679,715862
2024-07-26,Central,75498,51213,50857,29970,10678,650506
2024-07-27,North,126865,31691,41711,30744,5620,712507
2024-07-27,South,81656,34904,25097,13389,13842,481465
2024-07-27,East,117695,53790,70812,22352,14910,861377
2024-07-27,West,87900,13044,48393,26148,11630,563017
2024-07-27,Central,134899,19612,42076,36828,6314,716893
2024-07-28,North,97701,15636,38738,7504,8864,517342
2024-07-28,South,69033,21593,77609,33743,3484,695259
2024-07-28,East,60805,58947,49317,33894,2690,648892
2024-07-28,West,85851,12892,59229,35995,10083,617296
2024-07-28,Central,76832,31672,78480,22748,8125,690932
2024-07-29,North,113437,15812,27044,28100,11204,568845
2024-07-29,South,63944,41085,25497,38691,8668,550897
2024-07-29,East,69873,10654,73701,27981,14734,650250
2024-07-29,West,90372,27143,75486,37708,4347,735353
2024-07-29,Central,139464,11798,75162,15246,5708,730832
2024-07-30,North,65379,47927,33751,37486,14662,582361
2024-07-30,South,86751,39087,49882,35340,8376,670167
2024-07-30,East,139822,21618,74078,24338,9930,820048
2024-07-30,West,55110,18446,78734,8086,12114,567977
2024-07-30,Central,104341,31646,62072,30535,2637,687937
2024-07-31,North,62087,46591,63194,19860,7866,613941
2024-07-31,South,73762,58867,63826,22013,8793,696890
2024-07-31,East,132617,37200,42449,12407,5008,701531
2024-07-31,West,59596,39571,64028,38542,9216,669522
2024-07-31,Central,68313,32538,71331,29935,12425,653808
2024-08-01,North,116549,50555,74119,39111,9372,902775
2024-08-01,South,73705,53964,53402,15161,12317,635287
2024-08-01,East,117364,30900,72783,28581,7600,768977
2024-08-01,West,123445,32356,52543,37277,13649,764147
2024-08-01,Central,128645,33023,78743,26400,14481,850187
2024-08-02,North,52023,49148,49362,16419,13366,556685
2024-08-02,South,109796,27392,47315,24283,13880,677275
2024-08-02,East,130073,30698,47746,5934,3399,647037
2024-08-02,West,142197,52470,30057,39754,12526,799822
2024-08-02,Central,114429,36535,66113,26380,10003,792187
2024-08-03,North,111627,45450,62915,19016,3505,732447
2024-08-03,South,83848,43757,41061,27695,7842,603248
2024-08-03,East,87804,22476,71370,29952,10441,704306
2024-08-03,West,65379,51214,54157,20721,7320,625511
2024-08-03,Central,109664,14711,65839,6505,10727,596352
2024-08-04,North,77766,16479,31322,10363,13724,462723
2024-08-04,South,118099,41390,24276,6010,8443,534067
2024-08-04,East,86060,23161,32306,24861,5549,522557
2024-08-04,West,144733,42152,54017,29125,8952,835253
2024-08-04,Central,119122,24635,76792,14369,10649,688735
2024-08-05,North,66087,50843,47742,8857,4738,553734
2024-08-05,South,98868,40297,51600,31671,5369,728795
2024-08-05,East,73225,30836,74864,14864,6135,625117
2024-08-05,West,145286,34831,37629,37490,9983,731447
2024-08-05,Central,56643,11007,28245,15120,13888,365960
2024-08-06,North,143059,36331,51414,25223,5411,780720
2024-08-06,South,86727,50456,63870,37150,7635,767215
2024-08-06,East,61005,20763,50098,7553,6069,434760
2024-08-06,West,115697,13908,68994,20489,8251,674550
2024-08-06,Central,66029,37573,30588,9389,13579,427719
2024-08-07,North,64226,29187,20442,26950,5185,397089
2024-08-07,South,113646,21957,59744,16089,5238,648888
2024-08-07,East,110603,14379,57443,8051,10452,606979
2024-08-07,West,78731,37959,31803,33805,7737,574891
2024-08-07,Central,118926,26482,60721,34442,11439,768087
2024-08-08,North,55997,37105,57145,7555,13525,546016
2024-08-08,South,105506,10877,30599,17767,13514,534169
2024-08-08,East,128229,58353,27058,5458,4573,632665
2024-08-08,West,99815,28252,37206,21066,8853,581449
2024-08-08,Central,92092,41334,31894,9721,2125,527109
2024-08-09,North,112539,29049,22939,17446,11421,547099
2024-08-09,South,116077,27772,76248,11304,13403,745255
2024-08-09,East,71817,12637,42149,39688,13325,553613
2024-08-09,West,87861,17242,21031,18227,3306,457139
2024-08-09,Central,63428,52025,30208,11298,4101,511871
2024-08-10,North,93934,51381,20562,15306,2135,494924
2024-08-10,South,60258,45651,63498,7589,12569,597661
2024-08-10,East,107775,43972,69492,18601,9311,763186
2024-08-10,West,131580,26928,40951,12711,3459,650147
2024-08-10,Central,144947,38742,68920,26364,6231,858293
2024-08-11,North,55469,21831,66766,38706,9656,631042
2024-08-11,South,78854,58232,77014,34610,2812,793647
2024-08-11,East,56256,29556,48351,8970,9900,490175
2024-08-11,West,126256,35343,38680,8999,11043,605093
2024-08-11,Central,83937,32834,69386,26034,11936,694772
2024-08-12,North,149134,56762,41586,21632,12130,788352
2024-08-12,South,51651,49288,29308,18385,9568,471688
2024-08-12,East,100288,43422,79252,10950,2870,731079
2024-08-12,West,134730,33205,29609,12975,10826,638678
2024-08-12,Central,75051,28830,49495,26314,2668,565154
2024-08-13,North,77386,18412,37675,28398,3293,535216
2024-08-13,South,125054,13666,48064,30277,13280,673600
2024-08-13,East,66184,47045,73879,31761,10460,712539
2024-08-13,West,83787,30786,28720,36533,11052,561820
2024-08-13,Central,71621,15515,62940,11966,10673,550120
2024-08-14,North,125564,51973,34457,11587,13482,708906
2024-08-14,South,127984,36627,22939,27880,5390,617060
2024-08-14,East,109792,25198,67113,10091,11453,709924
2024-08-14,West,95253,13985,68926,36130,12524,703496
2024-08-14,Central,84051,55903,58203,22061,10294,699545
2024-08-15,North,99811,50935,43365,27293,13986,714803
2024-08-15,South,80447,39475,25392,6561,7549,487639
2024-08-15,East,133930,50216,45905,8656,6887,724305
2024-08-15,West,80254,29403,27972,26618,6334,478264
2024-08-15,Central,134045,13681,70385,25530,12884,779479
2024-08-16,North,107418,36019,50653,26872,7684,732127
2024-08-16,South,64472,37586,46329,33330,13863,558080
2024-08-16,East,53471,59724,39184,21139,11073,573186
2024-08-16,West,145804,52292,34799,37977,8750,805310
2024-08-16,Central,58329,47521,71927,9983,4235,600787
2024-08-17,North,84865,49850,35052,26329,6983,628705
2024-08-17,South,96850,46770,26044,13818,9752,519722
2024-08-17,East,104220,15629,39871,15918,13226,542081
2024-08-17,West,143808,37710,43767,6250,7019,703653
2024-08-17,Central,56397,40328,67183,9758,10041,602679
2024-08-18,North,147909,22278,40234,7163,4577,643696
2024-08-18,South,85525,18417,79871,39621,2675,736026
2024-08-18,East,103072,44765,41381,22137,4439,641376
2024-08-18,West,140106,18963,37274,37103,11873,700452
2024-08-18,Central,133820,58552,66626,26832,7587,866369
2024-08-19,North,134530,47292,42304,6868,7945,703610
2024-08-19,South,73284,35009,79409,24728,11468,719576
2024-08-19,East,111330,37675,37572,33029,6767,687632
2024-08-19,West,133369,46175,58412,33183,9004,824118
2024-08-19,Central,75122,16731,69892,27785,9728,618208
2024-08-20,North,120553,50563,70521,23940,13439,855755
2024-08-20,South,131906,21332,45965,10280,8609,585269
2024-08-20,East,144788,29177,38384,7164,6934,591402
2024-08-20,West,112812,33718,37855,32188,5648,678820
2024-08-20,Central,57999,12911,37920,19088,9131,406336
2024-08-21,North,72436,28799,36702,23405,3312,506697
2024-08-21,South,92963,59402,79608,7821,11265,786541
2024-08-21,East,52096,25194,57921,27516,6099,566712
2024-08-21,West,75279,14951,21894,15473,3654,373290
2024-08-21,Central,76201,50866,50985,17178,13939,627335
2024-08-22,North,69715,38333,48287,32018,14280,610749
2024-08-22,South,79309,31673,27991,22097,12085,519187
2024-08-22,East,65078,58885,35439,19096,8018,577287
2024-08-22,West,106614,50870,49084,8545,3285,677523
2024-08-22,Central,55105,15565,62235,29798,9852,532464
2024-08-23,North,144848,32821,47659,5863,10726,737866
2024-08-23,South,52839,35494,44976,21148,9046,504344
2024-08-23,East,118920,43941,58703,26009,13639,781277
2024-08-23,West,93619,18624,37107,22809,7180,535807
2024-08-23,Central,92821,57162,22329,23688,3379,564304
2024-08-24,North,63493,56024,62095,5653,2645,592027
2024-08-24,South,67069,10835,22770,13129,10215,386851
2024-08-24,East,57531,28646,76697,31418,7412,690864
2024-08-24,West,87051,21824,24846,28118,6652,498302
2024-08-24,Central,57736,47335,36651,5443,8834,490543
2024-08-25,North,57710,13815,69044,32041,6451,595158
2024-08-25,South,117155,59398,34633,28843,8103,725626
2024-08-25,East,63975,12429,33628,26053,9084,426014
2024-08-25,West,112424,51950,20569,35848,14862,657148
2024-08-25,Central,95603,51886,79900,33213,6124,827605
2024-08-26,North,73252,54398,21973,13291,2364,517759
2024-08-26,South,130797,12607,77889,21285,4655,777641
2024-08-26,East,51431,35650,55590,31886,10600,619508
2024-08-26,West,124603,48698,73612,18944,9433,845213
2024-08-26,Central,87481,42353,53038,28340,3314,646121
2024-08-27,North,142573,46790,69088,35025,7272,922352
2024-08-27,South,59557,21991,27641,6607,2218,378384
2024-08-27,East,124971,31168,28930,7953,6703,575688
2024-08-27,West,50162,41099,26680,10933,7131,381613
2024-08-27,Central,84742,49385,21257,16386,3539,479982
2024-08-28,North,69675,45919,28250,9682,5433,482425
2024-08-28,South,123997,41416,58138,16154,3602,724285
2024-08-28,East,67015,15580,48757,14047,4704,474125
2024-08-28,West,100057,17054,24858,27993,7064,498370
2024-08-28,Central,82591,34090,61349,15338,5648,621657
2024-08-29,North,143583,50387,33491,19323,3105,695917
2024-08-29,South,59833,25823,45294,28634,7736,528860
2024-08-29,East,57896,56015,76151,31292,7812,757101
2024-08-29,West,82972,47341,65204,14917,13603,705359
2024-08-29,Central,99733,25339,65638,15145,4488,623751
2024-08-30,North,91800,13491,69272,34717,10808,699565
2024-08-30,South,146044,10706,26908,21905,14513,598801
2024-08-30,East,55347,41957,30844,35273,4418,550445
2024-08-30,West,109063,25728,71455,31234,2027,768156
2024-08-30,Central,145850,16997,57629,18349,13247,737364
2024-08-31,North,52643,48001,22911,6002,10207,452316
2024-08-31,South,90785,48523,28991,37573,13540,632527
2024-08-31,East,68681,35163,31572,32803,10524,538198
2024-08-31,West,100026,27718,63066,16330,14770,683004
2024-08-31,Central,65892,31972,49693,31504,9977,630325
2024-09-01,North,97299,28231,60004,19980,6661,680480
2024-09-01,South,67073,49619,58333,12017,12353,632671
2024-09-01,East,80682,22126,75683,21011,12277,651358
2024-09-01,West,147798,33595,37493,23001,6549,696275
2024-09-01,Central,146894,50633,59697,22044,5953,860889
2024-09-02,North,64289,22118,37634,10250,12981,414400
2024-09-02,South,57927,13317,79984,28289,6261,622645
2024-09-02,East,98330,54980,44561,38087,10123,758644
2024-09-02,West,116707,54115,38033,15416,12444,655534
2024-09-02,Central,127454,53158,27351,30159,6973,719972
2024-09-03,North,115428,57631,75063,10279,10436,836481
2024-09-03,South,100601,59316,45921,30157,12086,735590
2024-09-03,East,127465,49828,39340,20494,3356,700814
2024-09-03,West,52539,25504,34901,30574,11134,440987
2024-09-03,Central,72669,13057,30638,30333,5467,458301
2024-09-04,North,120968,36660,58596,38050,8964,767374
2024-09-04,South,70644,47196,41378,37263,9067,618465
2024-09-04,East,68745,10402,64324,37539,13384,610474
2024-09-04,West,78228,18605,42820,19030,3745,473643
2024-09-04,Central,84521,25761,45060,27721,14697,570303
2024-09-05,North,147239,37043,52642,10166,12549,726515
2024-09-05,South,76928,43635,76766,12121,5879,708884
2024-09-05,East,68322,23779,45378,19677,5777,502676
2024-09-05,West,107714,25155,70867,36241,4115,788618
2024-09-05,Central,137896,50978,28150,21373,8257,693496
2024-09-06,North,112292,43132,62875,26873,4267,756547
2024-09-06,South,79055,33851,72635,6293,4267,611819
2024-09-06,East,92891,25366,44059,27443,11688,544349
2024-09-06,West,131912,38408,54525,23595,12988,781793
2024-09-06,Central,56588,16571,38193,14740,9086,411578
2024-09-07,North,140536,59731,74691,17559,6481,904743
2024-09-07,South,56304,24017,75200,26747,9465,584333
2024-09-07,East,57345,49236,63967,12973,2929,597629
2024-09-07,West,79300,14150,47801,20333,9773,513844
2024-09-07,Central,74259,55833,79664,35129,5324,807914
2024-09-08,North,141006,29423,69063,5037,14692,762530
2024-09-08,South,138553,14137,46246,37311,6587,707832
2024-09-08,East,65352,39992,32807,33207,2356,546782
2024-09-08,West,83365,55004,37535,38241,6310,690521
2024-09-08,Central,69446,38902,25492,5058,6064,413964
2024-09-09,North,52336,59604,75863,7636,7499,625860
2024-09-09,South,112032,54921,51357,35635,5841,759024
2024-09-09,East,125415,23833,26302,19834,14122,596364
2024-09-09,West,147852,11381,52314,20577,11018,733000
2024-09-09,Central,148876,18154,68697,32190,7333,792499
2024-09-10,North,57521,44235,24747,12296,8671,415516
2024-09-10,South,121707,23439,79567,26383,9059,796660
2024-09-10,East,73481,29122,67006,29660,2665,607427
2024-09-10,West,68474,33956,61170,7674,8853,560364
2024-09-10,Central,96760,27264,30686,27820,12220,575508
2024-09-11,North,105718,54774,57449,24504,13883,781538
2024-09-11,South,94629,13149,38891,30666,12774,556466
2024-09-11,East,95232,34660,72115,7076,2553,653262
2024-09-11,West,136544,50660,56196,37406,10519,849657
2024-09-11,Central,117169,30528,49928,30784,9045,674627
2024-09-12,North,100669,58904,27494,26125,11380,648807
2024-09-12,South,128021,11168,56723,28216,9283,705937
2024-09-12,East,119184,55124,49877,7581,2149,693991
2024-09-12,West,97945,45897,72857,20600,14944,798150
2024-09-12,Central,63140,25032,47981,35284,4853,564977
2024-09-13,North,133457,45294,34026,25171,12128,731173
2024-09-13,South,64357,53827,40422,30091,14580,621894
2024-09-13,East,118673,13516,29244,19333,4736,568527
2024-09-13,West,115633,29751,53481,35535,2956,712747
2024-09-13,Central,126943,40373,43644,28487,13440,753212
2024-09-14,North,146111,40270,63848,15404,7180,814709
2024-09-14,South,128258,20386,76163,38700,10607,857879
2024-09-14,East,62924,46323,78031,23047,13646,723029
2024-09-14,West,119286,58780,28521,20577,4645,669100
2024-09-14,Central,143269,24157,21746,29298,5774,639282
2024-09-15,North,124071,47879,37591,20015,7013,698324
2024-09-15,South,107326,49520,46718,30568,2084,727575
2024-09-15,East,140023,59597,69936,31204,3935,954942
2024-09-15,West,80651,49132,22696,36748,11608,595515
2024-09-15,Central,120202,13626,32012,31267,11262,579442
2024-09-16,North,98777,30400,34688,26236,13604,599220
2024-09-16,South,66994,46643,43457,37615,11713,627422
2024-09-16,East,117263,48265,25036,6104,8749,567512
2024-09-16,West,109634,25979,59895,22654,3501,671464
2024-09-16,Central,60800,21529,49960,8646,14283,457199
2024-09-17,North,87823,26645,56486,26471,8569,587234
2024-09-17,South,113878,36424,42159,30906,4473,709224
2024-09-17,East,68708,23382,27910,26107,2735,440629
2024-09-17,West,62819,14025,22693,19878,4838,334854
2024-09-17,Central,124905,53226,69777,14145,4562,813256
2024-09-18,North,113870,23844,35858,28042,5906,621910
2024-09-18,South,59283,14175,48810,23226,3272,470246
2024-09-18,East,80573,40519,40092,7802,6836,498564
2024-09-18,West,128707,19174,43243,29119,3862,633589
2024-09-18,Central,80933,13443,68700,32185,6226,688193
2024-09-19,North,55774,31395,78105,11105,11955,580610
2024-09-19,South,122055,20725,50505,7749,14610,593093
2024-09-19,East,60983,43461,27692,39129,11014,546412
2024-09-19,West,146468,51115,48555,29512,2542,838547
2024-09-19,Central,146334,54548,26398,18495,8209,749391
2024-09-20,North,68133,41351,27252,7064,4765,433381
2024-09-20,South,64939,28196,31721,35078,9268,510586
2024-09-20,East,50781,56609,37939,35011,12270,569934
2024-09-20,West,106700,24254,31825,10616,2884,531501
2024-09-20,Central,77624,24021,45251,12975,14478,520101
2024-09-21,North,56823,56136,56955,15960,5649,604702
2024-09-21,South,68489,15724,44151,32992,14702,548543
2024-09-21,East,89961,38690,20036,26387,8890,537287
2024-09-21,West,79118,11407,48412,20324,5571,505134
2024-09-21,Central,131816,18032,38171,11243,5933,613956
2024-09-22,North,72263,57340,59051,37628,7856,704217
2024-09-22,South,63565,27794,52761,14560,5666,519856
2024-09-22,East,70354,29881,35202,9923,11913,473035
2024-09-22,West,92951,30756,28060,26325,10566,541907
2024-09-22,Central,141179,50162,28065,32949,2557,748457
2024-09-23,North,73648,39416,49873,27821,11472,635439
2024-09-23,South,100729,59703,56648,11076,13615,745715
2024-09-23,East,91971,54354,25932,27032,8040,605178
2024-09-23,West,68658,35752,46470,13001,3128,512197
2024-09-23,Central,71253,22926,28328,20303,3360,448786
2024-09-24,North,114166,43765,26333,21457,13789,620769
2024-09-24,South,98563,24390,74911,17303,7420,664195
2024-09-24,East,76390,48867,75637,20128,11292,750404
2024-09-24,West,138664,31939,66638,23280,11726,777275
2024-09-24,Central,101578,37307,31268,36644,7349,641923
2024-09-25,North,129025,40828,25067,11967,4625,647218
2024-09-25,South,82658,38513,68384,11661,14319,675835
2024-09-25,East,56852,34502,64843,17416,11823,575727
2024-09-25,West,144986,40063,37045,5510,2057,645205
2024-09-25,Central,52551,32486,60741,6906,11319,526020
2024-09-26,North,121947,56277,42770,30534,10503,772226
2024-09-26,South,111001,48258,62770,21448,13909,791367
2024-09-26,East,99159,41692,27887,9710,7848,563204
2024-09-26,West,101707,48384,53182,20583,12193,734862
2024-09-26,Central,83243,25958,52370,22184,4737,559463
2024-09-27,North,71800,45016,59618,29853,7493,672811
2024-09-27,South,125939,27232,44918,11109,5877,636707
2024-09-27,East,107828,20748,55497,11659,4282,633511
2024-09-27,West,57239,20514,48026,6238,8786,443331
2024-09-27,Central,56710,32738,31929,20064,13375,451004
2024-09-28,North,71384,18695,67756,36115,7508,655688
2024-09-28,South,71038,18070,56665,36952,3431,631044
2024-09-28,East,90846,37765,54937,10620,13317,618913
2024-09-28,West,137983,51662,33563,39254,14526,786609
2024-09-28,Central,117821,40761,71030,9470,3775,741001
2024-09-29,North,87991,26698,48546,27003,11510,598768
2024-09-29,South,129057,25123,75606,32571,6207,843387
2024-09-29,East,56971,45144,32888,29668,13351,527079
2024-09-29,West,79139,35616,57338,16723,11520,641468
2024-09-29,Central,135445,47146,79961,36040,6385,948710
2024-09-30,North,127067,21182,54283,37046,8351,758648
2024-09-30,South,130257,34833,36958,10441,5974,640251
2024-09-30,East,134742,43342,32634,16719,7905,688780
2024-09-30,West,87711,41331,39251,10397,6677,543830
2024-09-30,Central,56530,56098,66566,39389,6465,707113
2024-10-01,North,61116,36128,39928,22945,10411,512492
2024-10-01,South,115794,41556,57245,27233,5302,767579
2024-10-01,East,50282,31969,36455,22800,8945,429792
2024-10-01,West,129473,31876,47144,9190,13058,626175
2024-10-01,Central,51898,18949,48013,6130,12088,428766
2024-10-02,North,54135,34518,72132,19071,14636,640324
2024-10-02,South,56629,15670,78461,24981,4302,618063
2024-10-02,East,135120,34099,41876,7118,14739,642976
2024-10-02,West,139087,49335,46962,5663,8285,696369
2024-10-02,Central,115031,22716,48084,20735,14376,635663
2024-10-03,North,83380,48885,62319,24158,6966,695010
2024-10-03,South,67071,17837,41143,36087,5726,516810
2024-10-03,East,70074,59355,46091,27578,4042,644644
2024-10-03,West,140724,57299,77236,24874,10714,969250
2024-10-03,Central,117843,29159,34179,22907,12899,623558
2024-10-04,North,89901,51266,52807,27787,4998,715781
2024-10-04,South,61205,46877,78726,26705,9971,735050
2024-10-04,East,105661,31560,30222,8845,14113,524699
2024-10-04,West,55906,27106,79965,21482,2909,634809
2024-10-04,Central,52591,56289,74525,31090,14729,748205
2024-10-05,North,112987,18720,43949,25681,6133,616561
2024-10-05,South,113370,47661,36116,37252,3880,712490
2024-10-05,East,130685,59495,71052,12796,13471,859977
2024-10-05,West,104400,38362,71369,12263,14497,711635
2024-10-05,Central,75150,38258,68817,17777,4560,696570
2024-10-06,North,81852,31782,57564,25343,9527,659096
2024-10-06,South,92870,51168,57374,19862,7696,710628
2024-10-06,East,102756,31120,37667,20691,5072,575375
2024-10-06,West,106481,29790,28775,30028,14018,601970
2024-10-06,Central,51283,37912,49655,36066,6476,556315
2024-10-07,North,83691,57374,77802,38181,13067,861723
2024-10-07,South,51125,52907,67632,22934,13098,670250
2024-10-07,East,117065,44812,34193,25910,6489,663402
2024-10-07,West,76170,59570,34676,12141,6491,563912
2024-10-07,Central,58438,46160,50776,21225,10736,577468
2024-10-08,North,70095,29156,63225,39714,8855,662431
2024-10-08,South,66154,20672,37199,26587,9401,472525
2024-10-08,East,58004,24444,68812,37959,5097,616224
2024-10-08,West,59752,16784,35066,19175,13817,420704
2024-10-08,Central,105426,27929,38895,15051,5505,554117
2024-10-09,North,76819,11070,20246,10892,3084,372315
2024-10-09,South,142051,32906,41209,8449,2552,640984
2024-10-09,East,74217,44618,59284,17393,7560,591845
2024-10-09,West,138708,55158,36800,34190,3153,791248
2024-10-09,Central,82994,12939,66110,39709,14130,690455
2024-10-10,North,65036,39841,43086,36533,7473,616643
2024-10-10,South,127275,52863,40101,31141,4245,757987
2024-10-10,East,147756,26301,36491,28908,3686,680004
2024-10-10,West,99416,17194,47207,37322,7835,619268
2024-10-10,Central,59587,15851,61798,19012,2693,527643
2024-10-11,North,145665,26378,40897,39889,9538,794752
2024-10-11,South,50645,10678,49492,22412,10091,432380
2024-10-11,East,80930,40640,21421,35614,13982,566780
2024-10-11,West,131835,43756,52015,29657,7835,777286
2024-10-11,Central,80090,39777,32970,10656,10689,493628
2024-10-12,North,137489,36183,27283,13967,12287,635561
2024-10-12,South,102142,37445,48488,24422,8794,662034
2024-10-12,East,76475,11502,35945,20764,10804,423262
2024-10-12,West,68888,31665,20255,20873,14159,453640
2024-10-12,Central,93732,26198,76400,33949,10567,765041
2024-10-13,North,131623,31411,31019,7271,2805,593371
2024-10-13,South,96305,25867,35487,6607,2920,477821
2024-10-13,East,96037,24266,61797,24523,5604,625360
2024-10-13,West,59346,49422,39346,32990,3443,567939
2024-10-13,Central,50587,45208,55050,8665,9048,544833
2024-10-14,North,62763,53002,28744,21308,3545,511040
2024-10-14,South,109165,41213,44756,10852,3210,636963
2024-10-14,East,119615,17367,37861,10462,12272,537725
2024-10-14,West,86116,23490,45146,36795,8212,627792
2024-10-14,Central,135751,45362,74104,9270,6687,822679
2024-10-15,North,141353,48285,75032,29491,7310,909105
2024-10-15,South,140301,19219,62687,5347,12340,723959
2024-10-15,East,145648,16310,66103,37830,11700,838067
2024-10-15,West,75556,46307,41976,6783,2913,505597
2024-10-15,Central,109042,39631,76243,33390,4780,842532
2024-10-16,North,68099,24744,20591,13417,10581,390130
2024-10-16,South,95096,29867,26277,11566,9732,493132
2024-10-16,East,121986,28625,22260,22426,14241,569587
2024-10-16,West,63230,16378,63907,35750,14447,615822
2024-10-16,Central,79009,29149,20347,15872,6987,416962
2024-10-17,North,120969,52133,44741,33695,5625,763524
2024-10-17,South,83866,21422,74184,6234,11262,615623
2024-10-17,East,134246,37926,57211,39752,9326,848136
2024-10-17,West,126975,47679,63856,33832,14983,836144
2024-10-17,Central,91855,43171,61542,22978,4570,714941
2024-10-18,North,131557,23180,26869,27641,5737,634812
2024-10-18,South,56416,37301,48082,32127,4779,563493
2024-10-18,East,122516,46931,42080,39720,10530,778064
2024-10-18,West,105915,34014,48979,23079,3976,657604
2024-10-18,Central,68058,59239,39422,22338,13628,612656
2024-10-19,North,126637,40936,55613,8291,2794,708527
2024-10-19,South,90718,24336,77016,13548,3722,654984
2024-10-19,East,82602,32200,42993,38736,13411,622272
2024-10-19,West,124658,15470,32386,33022,2898,617535
2024-10-19,Central,128112,40859,54033,9234,2102,664995
2024-10-20,North,108067,24953,65213,31720,13051,755381
2024-10-20,South,77516,49044,32938,18368,14380,580173
2024-10-20,East,137969,48507,31159,13734,9453,666408
2024-10-20,West,51089,37433,22274,38793,11639,516612
2024-10-20,Central,87346,35957,38854,17197,14406,563630
2024-10-21,North,124663,16523,51815,8359,4032,597062
2024-10-21,South,60487,31387,30482,12389,14224,426045
2024-10-21,East,50155,57761,38961,19952,8172,549652
2024-10-21,West,117494,41169,40044,34075,13252,715357
2024-10-21,Central,126229,55641,53836,23939,3534,759951
2024-10-22,North,88547,32990,41975,20624,9197,585647
2024-10-22,South,78795,39661,34706,6735,13039,498619
2024-10-22,East,105296,23419,25974,29315,13401,588516
2024-10-22,West,71447,24457,30928,22422,6570,473492
2024-10-22,Central,86598,12064,41213,12127,8706,482718
2024-10-23,North,91814,48083,21950,17606,13655,570805
2024-10-23,South,140751,20566,77435,37743,2434,863484
2024-10-23,East,125330,43085,39477,39010,11449,775564
2024-10-23,West,148745,41528,30411,20636,10246,697811
2024-10-23,Central,137960,16130,41695,30348,11122,721452
2024-10-24,North,113278,50187,66156,15108,12991,782748
2024-10-24,South,105077,12042,37771,13098,10503,492716
2024-10-24,East,121906,14598,24274,23883,9256,550514
2024-10-24,West,59528,52982,55053,12160,11148,596567
2024-10-24,Central,143812,42886,72358,24929,8461,884289
2024-10-25,North,100100,43477,72076,22597,6083,714242
2024-10-25,South,58179,58625,27045,16123,7996,490963
2024-10-25,East,98781,38716,77623,33357,6852,776388
2024-10-25,West,105267,22601,49714,9960,4512,546343
2024-10-25,Central,132379,46018,54386,38556,7528,839875
2024-10-26,North,73952,18061,63747,23255,3263,570752
2024-10-26,South,103798,18609,28562,18350,7951,502422
2024-10-26,East,148696,45371,75048,35881,4747,925223
2024-10-26,West,100939,54814,47759,23409,9280,735903
2024-10-26,Central,79516,27485,32026,37635,12974,567817
2024-10-27,North,106526,30805,60611,7446,3093,602957
2024-10-27,South,60449,17857,51589,35657,12978,574685
2024-10-27,East,100290,21620,62663,26207,13007,677125
2024-10-27,West,136661,18177,51738,13752,5763,686666
2024-10-27,Central,122954,40111,46844,18440,9351,698173
2024-10-28,North,72746,33042,43447,11499,14227,509561
2024-10-28,South,117990,28645,44879,26139,12515,666101
2024-10-28,East,108810,34405,31966,19767,2232,568704
2024-10-28,West,133297,21826,37732,27343,4101,663346
2024-10-28,Central,65223,23890,74708,32712,14544,661437
2024-10-29,North,122237,26892,25289,24673,4028,606709
2024-10-29,South,52597,56598,71574,34488,8233,732127
2024-10-29,East,115677,19484,40012,31520,9926,642352
2024-10-29,West,52659,15495,38812,20784,3929,415443
2024-10-29,Central,136516,38481,55801,25491,11650,792053
2024-10-30,North,124567,21267,75309,19718,11840,743757
2024-10-30,South,65037,50166,61628,37815,10599,719003
2024-10-30,East,96738,16743,77843,31832,5340,764052
2024-10-30,West,121678,47939,60581,36862,3977,841143
2024-10-30,Central,62109,58773,70566,17864,4413,693974
2024-10-31,North,72010,59476,66628,27842,10026,711764
2024-10-31,South,58787,36569,43092,13177,7418,511720
2024-10-31,East,58472,38552,45105,16844,8025,533310
2024-10-31,West,73383,55772,34294,13594,6937,572751
2024-10-31,Central,111709,53730,75787,18418,11952,813900
2024-11-01,North,119785,38948,23621,39854,5597,653476
2024-11-01,South,84518,20775,52442,28108,3378,558806
2024-11-01,East,103909,13557,41699,15419,2620,495044
2024-11-01,West,68351,13587,69906,27539,2929,581968
2024-11-01,Central,119624,26535,22347,17835,8544,556918
2024-11-02,North,103330,10954,49486,22533,9572,578812
2024-11-02,South,65282,56562,67650,34515,7826,726562
2024-11-02,East,134866,33544,37110,27322,2974,694600
2024-11-02,West,71778,43455,24923,15223,14679,427297
2024-11-02,Central,74264,51269,71801,15273,14639,698556
2024-11-03,North,109675,25138,79390,38519,13045,834833
2024-11-03,South,55075,52462,35611,29160,3689,538886
2024-11-03,East,125948,13127,68135,13849,6671,714588
2024-11-03,West,98454,33147,39199,30656,8920,614282
2024-11-03,Central,78365,55528,29066,15348,8776,538187
2024-11-04,North,122766,21559,56047,22924,14810,685913
2024-11-04,South,98200,57564,72136,6983,10917,737856
2024-11-04,East,61002,13395,46754,29890,10353,510567
2024-11-04,West,63947,35389,56575,19629,9784,596766
2024-11-04,Central,129222,10845,44260,16273,2658,637999
2024-11-05,North,144840,43932,75251,36739,4897,944828
2024-11-05,South,128610,55722,66733,12894,7668,792531
2024-11-05,East,102142,48672,68891,29343,8225,820918
2024-11-05,West,106307,23731,36991,36174,14811,650898
2024-11-05,Central,54493,43122,42553,11900,14291,506616
2024-11-06,North,100085,45585,44174,8800,4542,624893
2024-11-06,South,84228,13832,41957,12054,11770,532982
2024-11-06,East,129676,42332,20634,34373,14186,678619
2024-11-06,West,101875,22467,49881,32525,11266,641322
2024-11-06,Central,81655,51025,32771,12115,5205,567657
2024-11-07,North,93472,23107,70226,36107,6044,775493
2024-11-07,South,99437,22458,38298,35486,5433,607123
2024-11-07,East,99416,38666,34340,18068,8711,583176
2024-11-07,West,109711,53481,53356,23640,9384,753094
2024-11-07,Central,56816,12581,55999,37158,2877,548572
2024-11-08,North,127175,19582,26351,21128,3091,534048
2024-11-08,South,114307,18418,79648,29942,5059,780646
2024-11-08,East,96733,38091,23838,7827,9007,502335
2024-11-08,West,145028,39113,21973,20990,7262,660108
2024-11-08,Central,61240,28827,67114,24987,9513,617857
2024-11-09,North,148234,24419,57812,25901,3674,775017
2024-11-09,South,142493,21814,30247,21277,11800,598705
2024-11-09,East,148344,43804,64440,6643,4826,778513
2024-11-09,West,121363,20024,51655,28729,11409,710586
2024-11-09,Central,82762,53700,63039,26087,5052,743378
2024-11-10,North,58259,17435,75255,26818,2313,589004
2024-11-10,South,100139,11548,26683,5019,10921,412001
2024-11-10,East,64849,15065,74989,38443,14231,684625
2024-11-10,West,131768,32880,31244,14457,2383,613858
2024-11-10,Central,139709,13407,49058,38922,7884,735279
2024-11-11,North,104869,43407,78595,14820,3812,783504
2024-11-11,South,113095,42940,59551,37750,4324,766960
2024-11-11,East,120910,15666,58362,27869,7248,717977
2024-11-11,West,136710,47122,48371,39421,5429,795415
2024-11-11,Central,73567,35092,23822,7502,12937,420107
2024-11-12,North,85292,20109,48878,21665,12056,548190
2024-11-12,South,124813,45654,56157,30600,5291,779655
2024-11-12,East,147136,44932,25914,34394,9173,751138
2024-11-12,West,101631,36505,38164,19086,6846,610309
2024-11-12,Central,59885,46713,47180,39003,8767,630985
2024-11-13,North,109659,53169,23688,18149,2227,570829
2024-11-13,South,104306,17746,34683,35394,8073,552750
2024-11-13,East,116314,21975,33080,19396,12256,598355
2024-11-13,West,115087,50522,50953,28324,7704,772089
2024-11-13,Central,79165,25596,29916,22169,10203,513779
2024-11-14,North,108929,47953,76363,31243,9765,847865
2024-11-14,South,117028,43861,49677,36016,3522,769324
2024-11-14,East,145998,13880,47360,8194,2691,617345
2024-11-14,West,99812,53454,57805,37398,13897,809410
2024-11-14,Central,100500,53539,33453,9789,3739,577824
2024-11-15,North,129151,53448,42703,25159,3525,732854
2024-11-15,South,108643,12785,79021,10350,2069,671049
2024-11-15,East,94900,32449,28640,38301,8251,603307
2024-11-15,West,92946,24799,49263,29977,12440,651845
2024-11-15,Central,57851,59048,52849,5129,5123,535673
2024-11-16,North,66288,49307,59046,39626,6724,720506
2024-11-16,South,122692,58784,36078,32549,13522,770957
2024-11-16,East,117580,57498,43383,17342,9649,741330
2024-11-16,West,57368,53333,35536,15978,3287,529212
2024-11-16,Central,135436,50828,70558,13833,10767,794584
2024-11-17,North,146136,13990,27410,38491,12364,697369
2024-11-17,South,96403,29073,35926,34473,6954,628355
2024-11-17,East,141170,46863,68268,5737,2744,766987
2024-11-17,West,59168,24549,54248,34429,12719,553260
2024-11-17,Central,136497,28259,51159,6299,8275,684746
2024-11-18,North,99879,29790,62039,5339,13265,634712
2024-11-18,South,109871,19979,56366,37920,14402,708754
2024-11-18,East,139388,30316,67800,24435,6576,838068
2024-11-18,West,148646,36183,60761,38194,7076,877089
2024-11-18,Central,82174,38324,49090,29509,11216,600762
2024-11-19,North,149751,34624,40567,6373,2941,648353
2024-11-19,South,142491,48176,72832,12082,7050,869317
2024-11-19,East,56581,30245,63663,30532,2767,599951
2024-11-19,West,121853,56705,35367,23866,4438,694227
2024-11-19,Central,114046,33790,60412,12593,11025,703308
2024-11-20,North,99678,36756,73462,14495,12382,716653
2024-11-20,South,76649,12833,64716,12837,10819,530611
2024-11-20,East,138668,15285,70910,16172,2376,757853
2024-11-20,West,132325,19589,55367,23680,14078,745434
2024-11-20,Central,64567,57476,74768,35346,2089,770429
2024-11-21,North,130404,24116,25813,28412,13047,596453
2024-11-21,South,139906,17645,79894,27863,11257,879314
2024-11-21,East,146019,54786,56621,35804,8066,933656
2024-11-21,West,111944,39150,71444,15934,11250,786815
2024-11-21,Central,128002,20889,54269,35723,13251,757355
2024-11-22,North,78803,40286,61190,25405,14264,681892
2024-11-22,South,68230,47545,60318,23748,12792,671929
2024-11-22,East,67862,25994,57018,10230,14411,517504
2024-11-22,West,93355,45503,78542,27354,12296,793495
2024-11-22,Central,81259,56379,59759,13954,13045,674524
2024-11-23,North,149075,34662,36498,28139,7575,748445
2024-11-23,South,137445,49136,45989,22388,4655,767585
2024-11-23,East,80795,36639,57174,26021,3515,619538
2024-11-23,West,58770,27205,45568,32702,5017,503451
2024-11-23,Central,61093,42930,71499,24116,9811,678658
2024-11-24,North,96571,17777,21041,11473,9343,416499
2024-11-24,South,50193,38315,59695,27735,14339,579853
2024-11-24,East,67569,57617,69163,39461,3573,805614
2024-11-24,West,61190,36973,50099,16084,7597,581971
2024-11-24,Central,112824,28316,44364,33756,12728,679085
2024-11-25,North,92752,37304,60639,22068,5926,638969
2024-11-25,South,82327,46303,59143,33916,12244,748709
2024-11-25,East,92070,40522,43482,7919,5796,571699
2024-11-25,West,135925,32340,23676,28550,10823,668507
2024-11-25,Central,90197,29830,75261,8283,12053,656427
2024-11-26,North,52261,23403,65785,9691,14144,505442
2024-11-26,South,143905,24516,41781,28212,3232,700851
2024-11-26,East,76512,29091,50048,33602,4264,608365
2024-11-26,West,56716,17959,23065,22540,4047,360282
2024-11-26,Central,136795,41932,22036,10919,2535,625147
2024-11-27,North,78933,40554,55814,27277,9884,622739
2024-11-27,South,54378,46701,79694,22676,13725,709825
2024-11-27,East,90583,13385,36924,14752,8881,486227
2024-11-27,West,135371,43690,52844,21012,9378,797547
2024-11-27,Central,79033,20367,72219,14175,5097,588180
2024-11-28,North,74000,56505,68648,7067,11467,690892
2024-11-28,South,125868,43332,36407,36478,5073,737655
2024-11-28,East,92604,29642,41518,31439,3025,607477
2024-11-28,West,118336,20789,37059,39747,4051,635928
2024-11-28,Central,145074,45268,43052,34810,5621,788311
2024-11-29,North,145655,30950,79738,23302,6563,864696
2024-11-29,South,123869,35563,24267,5700,10392,544110
2024-11-29,East,55410,49649,25988,39841,6403,568875
2024-11-29,West,133375,46404,47974,8048,5323,706070
2024-11-29,Central,106044,42991,44036,38290,5358,730853
2024-11-30,North,113315,49065,28680,16101,8141,588814
2024-11-30,South,146055,57663,21485,34778,7017,722984
2024-11-30,East,121344,10350,34713,32425,8435,600063
2024-11-30,West,56796,28312,40043,22852,9321,460157
2024-11-30,Central,136716,34127,22419,29500,4971,647836
2024-12-01,North,104245,38853,76892,17674,10777,751290
2024-12-01,South,93056,47500,76295,28195,5345,795816
2024-12-01,East,67709,43785,68080,29371,14046,688181
2024-12-01,West,108557,28610,56263,38053,7816,742313
2024-12-01,Central,67543,33590,37140,16957,6604,473125
2024-12-02,North,87418,39443,63484,12108,5424,606749
2024-12-02,South,144611,57997,65210,22829,6100,905514
2024-12-02,East,146038,17170,77600,10837,10551,770661
2024-12-02,West,66724,23303,70931,20032,13861,645727
2024-12-02,Central,53828,16207,32961,39234,14501,468525
2024-12-03,North,67087,22316,63075,31352,5477,591198
2024-12-03,South,62605,45187,26487,35215,9182,533957
2024-12-03,East,81337,16240,51110,14106,9440,513545
2024-12-03,West,55482,11893,62432,33766,6658,558132
2024-12-03,Central,115333,23753,36360,14996,4812,575193
2024-12-04,North,142541,48090,69410,6178,2044,815059
2024-12-04,South,138296,21232,56843,21025,12942,734564
2024-12-04,East,100952,27509,44882,14780,2633,541415
2024-12-04,West,55463,13117,77166,27706,11402,640916
2024-12-04,Central,120448,46929,37502,14967,11941,660795
2024-12-05,North,54648,58291,68053,35856,8804,718379
2024-12-05,South,83623,14042,27631,14179,13433,436422
2024-12-05,East,109156,47201,23017,22587,4768,589925
2024-12-05,West,85634,36746,40725,28733,10785,574377
2024-12-05,Central,94602,24016,70810,27770,11616,723719
2024-12-06,North,99334,35022,44762,38887,9875,671895
2024-12-06,South,118648,45426,70949,8975,3926,749482
2024-12-06,East,72054,37938,78268,17919,2856,710636
2024-12-06,West,120028,53678,20784,14602,7988,630212
2024-12-06,Central,72207,45712,48020,39060,10743,700173
2024-12-07,North,130650,49978,58459,15140,9847,769538
2024-12-07,South,149821,18787,35765,26170,6138,692445
2024-12-07,East,131554,11986,51127,33830,13080,721981
2024-12-07,West,71386,20942,23196,11590,6274,386095
2024-12-07,Central,133276,27458,29552,35609,11672,666735
2024-12-08,North,109518,22161,61300,22401,2606,690785
2024-12-08,South,102781,30689,69714,32729,10863,753870
2024-12-08,East,102780,39163,51921,33645,13507,729620
2024-12-08,West,111440,45775,24746,34047,7022,666379
2024-12-08,Central,94199,43737,22999,27560,2016,539661
2024-12-09,North,111035,18772,70345,11647,7734,649743
2024-12-09,South,58210,45592,64070,26106,4873,690020
2024-12-09,East,94363,11211,69220,11015,9765,587301
2024-12-09,West,128279,10229,35595,26506,12786,644442
2024-12-09,Central,110348,58542,42063,29067,7149,734720
2024-12-10,North,105284,24345,71580,7056,7311,653365
2024-12-10,South,122124,45953,26200,36719,4484,678920
2024-12-10,East,118847,41819,58164,34328,8322,790778
2024-12-10,West,72432,57779,43377,17176,10807,636413
2024-12-10,Central,114089,26885,33410,36885,8777,661291
2024-12-11,North,105398,36708,65971,26269,5205,735622
2024-12-11,South,149291,10048,23598,8114,13041,514927
2024-12-11,East,53321,29950,30564,18442,6407,423181
2024-12-11,West,131348,25173,65516,6629,5807,703425
2024-12-11,Central,87383,59538,50898,22927,12264,730606
2024-12-12,North,128682,43737,78187,36317,10716,884802
2024-12-12,South,129190,38036,69725,28896,5173,817594
2024-12-12,East,102893,57321,40598,33155,3473,704074
2024-12-12,West,85820,15820,60404,23288,12617,609250
2024-12-12,Central,116262,24292,79940,26415,13466,804496
2024-12-13,North,53760,13052,37862,16251,5338,401326
2024-12-13,South,72190,54377,30265,30574,12199,558175
2024-12-13,East,117411,33781,29705,14623,6557,581444
2024-12-13,West,73377,12302,75279,25936,4412,625977
2024-12-13,Central,96737,12283,45544,11123,4151,509603
2024-12-14,North,119569,58153,34298,8061,5182,645598
2024-12-14,South,88211,52567,75828,33451,10619,751460
2024-12-14,East,132909,25620,52670,21361,10162,726262
2024-12-14,West,53744,40461,71348,20907,6564,607973
2024-12-14,Central,74995,30750,62471,39814,3014,687272
2024-12-15,North,66977,42890,66104,24605,3604,678856
2024-12-15,South,147938,33183,60934,37256,2869,815741
2024-12-15,East,84542,19472,77998,16332,8913,668416
2024-12-15,West,60651,13727,68884,34476,4727,573753
2024-12-15,Central,149239,56500,26050,14445,4852,706211
2024-12-16,North,128931,35523,63952,38490,11077,839054
2024-12-16,South,145344,40766,41034,34767,4608,795822
2024-12-16,East,66715,47726,65480,20210,3273,661324
2024-12-16,West,94409,10524,28484,29159,9649,508127
2024-12-16,Central,74306,19079,79945,12564,14618,603124
2024-12-17,North,69086,18399,73678,26219,3955,572004
2024-12-17,South,64376,37370,51323,32946,10778,633454
2024-12-17,East,111350,26532,40796,8364,10392,586142
2024-12-17,West,121425,26821,49069,9318,6549,606062
2024-12-17,Central,86636,53162,41827,16479,13809,635625
2024-12-18,North,136120,13749,78932,12398,11017,758516
2024-12-18,South,101649,21353,77939,7452,10302,698353
2024-12-18,East,84610,56777,55361,26672,10100,718523
2024-12-18,West,60058,38477,30315,38193,4911,548341
2024-12-18,Central,124637,34570,67968,18865,14091,769112
2024-12-19,North,128033,30837,46519,30345,11099,732775
2024-12-19,South,120194,21437,29107,25359,7868,577462
2024-12-19,East,126917,48104,76004,13799,7663,816873
2024-12-19,West,114200,14551,75781,28053,13907,711679
2024-12-19,Central,96619,12823,23869,39892,13881,561346
2024-12-20,North,67154,22916,35447,22684,2554,497916
2024-12-20,South,69539,25167,47370,10015,12095,470311
2024-12-20,East,110058,51445,27971,36665,10298,704159
2024-12-20,West,112068,57636,51269,13657,5336,729663
2024-12-20,Central,127313,18391,78319,26951,8369,787506
2024-12-21,North,149932,22658,45651,37063,4534,749446
2024-12-21,South,80373,39685,76974,37743,4226,792046
2024-12-21,East,83154,33380,55757,31521,5293,673464
2024-12-21,West,56031,52431,43446,15731,11585,558412
2024-12-21,Central,143533,38919,58108,23744,12876,806478
2024-12-22,North,121975,12311,29643,23423,13027,590266
2024-12-22,South,72785,49993,23823,22568,2166,493821
2024-12-22,East,128928,54333,33454,8934,12902,704620
2024-12-22,West,78669,53038,23932,16409,5624,552838
2024-12-22,Central,144475,23560,30220,36410,4347,712506
2024-12-23,North,52282,59756,28554,35808,3404,563181
2024-12-23,South,84624,58733,22429,13172,8178,488985
2024-12-23,East,98438,48553,48208,32358,11717,717577
2024-12-23,West,139900,35993,27444,5777,14601,652224
2024-12-23,Central,117534,40492,30510,24763,4774,652310
2024-12-24,North,81705,30981,64045,36170,11017,710720
2024-12-24,South,88244,34143,30537,25461,11316,543315
2024-12-24,East,124964,22067,27147,7439,10760,555243
2024-12-24,West,87437,33916,60399,12804,12150,599591
2024-12-24,Central,127872,51508,23598,18212,5739,640399
2024-12-25,North,124878,56421,57097,26653,12301,862531
2024-12-25,South,122982,59990,26718,26971,10018,692644
2024-12-25,East,100583,13815,62691,6989,6464,593239
2024-12-25,West,88392,41836,77370,12868,9741,685345
2024-12-25,Central,57461,59999,33782,38712,14381,609987
2024-12-26,North,60516,47477,69244,29604,9636,697172
2024-12-26,South,129285,47275,77652,27135,10020,897730
2024-12-26,East,67514,49343,20051,35544,9288,581346
2024-12-26,West,86268,14773,36702,35847,6094,534368
2024-12-26,Central,140486,22446,30184,15680,4930,615917
2024-12-27,North,86788,40733,32468,35083,2763,608685
2024-12-27,South,125749,20464,42072,39433,13552,697395
2024-12-27,East,111049,58632,35479,31309,5450,735034
2024-12-27,West,112493,31576,48467,15349,12339,661591
2024-12-27,Central,86027,13320,43402,14543,5395,484856
2024-12-28,North,143547,20750,27210,14460,14616,613693
2024-12-28,South,92849,47466,65702,39553,5719,768010
2024-12-28,East,67858,36572,56724,33525,6801,619484
2024-12-28,West,134162,27948,26057,10948,10412,582187
2024-12-28,Central,129003,48826,50916,19498,3861,763563
2024-12-29,North,102395,33515,47268,23991,12806,648514
2024-12-29,South,89758,37867,63978,29974,11213,708913
2024-12-29,East,104312,10726,67358,12660,2109,606303
2024-12-29,West,118670,35820,79368,31245,14436,876408
2024-12-29,Central,132279,16697,43259,5238,8549,562218
2024-12-30,North,65434,54678,73583,24920,14040,754477
2024-12-30,South,114047,52025,33864,14338,10890,658851
2024-12-30,East,97775,22963,54293,15349,7529,572146
2024-12-30,West,125769,59434,66045,16643,10299,831047
2024-12-30,Central,116677,11081,27043,33274,10580,583447
2024-12-31,North,133555,30269,70430,21632,10616,765149
2024-12-31,South,135920,20776,61473,32144,4494,748805
2024-12-31,East,95734,41816,58893,17321,13157,656834
2024-12-31,West,138503,24196,60642,34256,12895,795539
2024-12-31,Central,90603,52112,32529,28485,12191,657793
2025-01-01,North,126708,25958,50868,7860,9732,661055
2025-01-01,South,131926,33369,46309,19919,7759,690284
2025-01-01,East,118803,21689,43284,38337,13767,717502
2025-01-01,West,89332,27331,67723,13411,3527,643475
2025-01-01,Central,141703,47528,55268,14586,14245,822957
2025-01-02,North,71312,23436,23464,29312,4026,451317
2025-01-02,South,143376,10066,38643,28055,12560,677304
2025-01-02,East,134526,40725,49265,39890,12958,888517
2025-01-02,West,94179,35212,35954,33807,3855,604742
2025-01-02,Central,121442,43332,43880,25384,10638,717941
2025-01-03,North,90379,35401,39043,33925,3597,611075
2025-01-03,South,67297,23393,20255,8089,10401,366744
2025-01-03,East,52011,13670,21502,19242,2848,341250
2025-01-03,West,94014,35601,24656,21433,7958,532555
2025-01-03,Central,61738,12251,30302,38282,11843,442682
2025-01-04,North,144333,55717,25430,15983,12108,710220
2025-01-04,South,97498,43572,61366,9671,5529,654305
2025-01-04,East,61120,37027,47425,29133,3918,528812
2025-01-04,West,58767,41846,72328,5414,10768,625153
2025-01-04,Central,72852,31015,68744,26242,7761,646882
2025-01-05,North,129239,19583,21860,20231,2688,553138
2025-01-05,South,50929,33104,26158,26849,10981,384120
2025-01-05,East,127487,22224,25806,36676,8306,643569
2025-01-05,West,141575,48784,40738,27056,7072,765813
2025-01-05,Central,145040,40836,37106,24947,3355,696459
2025-01-06,North,67438,39299,76731,31040,3687,698391
2025-01-06,South,98515,23036,29474,30282,10541,546633
2025-01-06,East,55744,29933,36997,31201,12909,527182
2025-01-06,West,133820,22392,72483,11833,13731,762344
2025-01-06,Central,92417,17938,52599,9752,14713,528360
2025-01-07,North,57069,14141,25790,29507,14614,429528
2025-01-07,South,92359,33350,72268,25169,11321,689338
2025-01-07,East,69799,19546,30170,29930,6350,448769
2025-01-07,West,148746,15335,29004,10023,8501,586261
2025-01-07,Central,143762,15077,62746,5982,8086,680243
2025-01-08,North,120188,56015,69482,19305,14731,867306
2025-01-08,South,139859,15611,71364,21146,6208,771749
2025-01-08,East,57597,50857,45792,16201,8667,566288
2025-01-08,West,97093,45660,50216,21910,14976,700548
2025-01-08,Central,87226,15577,74645,28031,2990,658601
2025-01-09,North,122127,30002,27232,28636,12065,607299
2025-01-09,South,141369,49451,32674,22314,14333,738237
2025-01-09,East,127362,44275,74766,32332,7290,895380
2025-01-09,West,76417,59103,75065,23330,3376,752363
2025-01-09,Central,68693,38647,36052,20365,11418,537814
2025-01-10,North,129674,44831,68542,15108,9247,803673
2025-01-10,South,103161,44768,25913,8360,9202,512459
2025-01-10,East,52169,40962,66870,8625,10755,543124
2025-01-10,West,134092,58334,68157,6223,8304,852497
2025-01-10,Central,72052,39583,47913,14157,4887,526503
2025-01-11,North,121849,11294,30567,18646,8681,530643
2025-01-11,South,123851,25096,58379,34024,9613,775093
2025-01-11,East,58036,46833,29432,9787,3340,420400
2025-01-11,West,81778,56858,20319,28202,13929,569189
2025-01-11,Central,77734,37328,44469,14360,9972,550166
2025-01-12,North,73173,34398,65454,37692,11629,696276
2025-01-12,South,80403,27706,46490,17941,2094,517656
2025-01-12,East,116321,32340,40584,20993,5296,630355
2025-01-12,West,121675,28825,24791,19620,7898,587874
2025-01-12,Central,56344,27482,51736,25193,11140,538247
2025-01-13,North,68800,19318,20329,26248,14840,419648
2025-01-13,South,75372,51256,28851,10027,4692,521002
2025-01-13,East,111516,54009,64078,9260,6161,775990
2025-01-13,West,70538,53185,43126,14012,10126,596800
2025-01-13,Central,113918,25574,41300,30823,5281,622694
2025-01-14,North,64973,58070,30164,13315,3497,488960
2025-01-14,South,121155,24650,70945,17631,14952,760969
2025-01-14,East,109500,56118,75609,23258,12923,855209
2025-01-14,West,86575,38930,44509,30099,9053,610220
2025-01-14,Central,92261,30171,25703,36376,8714,574450
2025-01-15,North,77716,44864,47109,15977,12935,601084
2025-01-15,South,53236,21801,63417,31694,9657,611962
2025-01-15,East,65848,32372,42554,38978,14467,588599
2025-01-15,West,52352,26559,47676,14218,13073,504902
2025-01-15,Central,51932,42334,75796,26788,10003,702388
2025-01-16,North,126449,49937,43804,25501,9691,736324
2025-01-16,South,58556,23288,65440,17453,10106,566392
2025-01-16,East,136836,32398,56923,20210,2201,737883
2025-01-16,West,55498,20694,49802,13689,3498,449894
2025-01-16,Central,126118,22191,44795,32381,5086,689478
2025-01-17,North,100098,28051,79250,34508,13305,782987
2025-01-17,South,114386,20737,22611,26142,4590,507391
2025-01-17,East,59569,35251,42075,13916,9125,479292
2025-01-17,West,106882,15147,71745,5375,9860,661776
2025-01-17,Central,120393,29643,36479,36449,7408,674148
2025-01-18,North,50340,48967,29180,28797,3948,497691
2025-01-18,South,93949,43314,29304,25782,13796,615712
2025-01-18,East,132302,47999,75193,32028,5963,867604
2025-01-18,West,112443,50733,79622,25243,2693,854313
2025-01-18,Central,141668,28467,74215,34379,11911,913976
2025-01-19,North,124027,44808,34610,35740,7363,724578
2025-01-19,South,50138,11752,28437,24984,14125,351583
2025-01-19,East,50358,11849,63118,5050,13924,457909
2025-01-19,West,125250,12642,32521,11590,7887,549678
2025-01-19,Central,135376,11600,72501,20162,12851,761754
2025-01-20,North,149931,56719,44028,18105,9734,809381
2025-01-20,South,80654,30786,59328,16628,11913,621181
2025-01-20,East,75879,54565,47301,26621,7717,632559
2025-01-20,West,131532,30183,58015,6476,7293,672545
2025-01-20,Central,105778,59770,41740,29437,6051,718453
2025-01-21,North,87772,11132,56845,31240,4291,605981
2025-01-21,South,108478,48259,41282,15922,14391,641827
2025-01-21,East,114353,41076,30858,13066,4698,628796
2025-01-21,West,76762,48563,64159,17089,13566,632705
2025-01-21,Central,63283,36691,63714,37600,11202,643006
2025-01-22,North,113922,53299,35186,13167,3041,648685
2025-01-22,South,89420,20931,54185,17816,3557,581903
2025-01-22,East,105568,17633,51194,26164,3207,618135
2025-01-22,West,135090,47777,45230,25429,11872,788245
2025-01-22,Central,70219,44881,47018,36415,5621,648311
2025-01-23,North,107169,11044,69262,13117,5352,634717
2025-01-23,South,124965,56691,44665,11359,9455,725176
2025-01-23,East,96840,45199,61722,19364,3678,636899
2025-01-23,West,94695,34363,66359,33794,13788,748454
2025-01-23,Central,134754,56694,60159,15293,12937,826048
2025-01-24,North,127988,11582,64132,14332,13737,727136
2025-01-24,South,108342,24374,63139,5615,13185,626041
2025-01-24,East,68951,11308,41516,17401,10972,454495
2025-01-24,West,51307,31301,55272,34372,8752,609537
2025-01-24,Central,130388,18793,78808,7339,2945,740359
2025-01-25,North,140768,11620,44673,21246,5428,651192
2025-01-25,South,85428,39883,25239,13109,9973,519248
2025-01-25,East,142021,47534,69444,28758,9168,878565
2025-01-25,West,125774,47960,46415,28091,13290,803379
2025-01-25,Central,88975,49390,70886,18317,10739,752588
2025-01-26,North,51140,16093,57888,21762,12399,476126
2025-01-26,South,74842,59252,47195,8465,4984,581132
2025-01-26,East,76421,32259,59161,30622,4590,597679
2025-01-26,West,51708,30655,49323,11800,12366,500474
2025-01-26,Central,53630,43005,54964,7600,3797,528410
2025-01-27,North,69595,41629,56234,10518,12072,575561
2025-01-27,South,126021,33610,50763,24627,13248,755632
2025-01-27,East,78308,31602,54674,34369,7043,641978
2025-01-27,West,94789,30409,38105,36445,4257,669158
2025-01-27,Central,105690,21110,64651,21689,4197,646475
2025-01-28,North,76086,16073,49739,20923,10222,543898
2025-01-28,South,66859,45310,68205,35403,10803,713465
2025-01-28,East,57684,25282,51969,5958,6397,448038
2025-01-28,West,141088,20195,34497,8538,13202,604118
2025-01-28,Central,51207,11537,21816,28404,4912,366470
2025-01-29,North,96099,27138,77596,14983,13994,713639
2025-01-29,South,117496,54328,73379,29642,13004,893548
2025-01-29,East,116093,56202,46483,18467,10874,743292
2025-01-29,West,79689,50164,79254,5205,10448,734872
2025-01-29,Central,98651,34207,63481,32409,11131,714841
2025-01-30,North,63893,30619,42159,17442,8152,466429
2025-01-30,South,147808,59692,23849,31290,9172,770495
2025-01-30,East,116418,34845,41612,31108,4894,664821
2025-01-30,West,110011,34310,59617,10691,5185,681692
2025-01-30,Central,88635,47899,53826,24504,10968,666931
2025-01-31,North,106115,40562,64498,35162,4732,766503
2025-01-31,South,145071,38036,38706,26551,10923,739737
2025-01-31,East,128405,18697,77530,18383,7324,801522
2025-01-31,West,122702,27513,70100,21496,12234,811550
2025-01-31,Central,128518,53039,44563,14088,11161,707465
2025-02-01,North,122805,13145,79634,32444,9849,754321
2025-02-01,South,108954,37818,24359,29734,10294,596452
2025-02-01,East,78064,40544,50669,39571,3083,663393
2025-02-01,West,129063,23100,32809,31415,7205,646725
2025-02-01,Central,52454,30104,58428,20389,6862,538560
2025-02-02,North,70878,14067,49454,32744,5070,558274
2025-02-02,South,101098,46963,27254,23682,13940,605360
2025-02-02,East,112154,40728,65590,39310,10563,827906
2025-02-02,West,62991,42317,44785,12259,10870,541108
2025-02-02,Central,118344,41416,22093,17546,2201,578681
2025-02-03,North,86593,52012,64498,7154,2088,673239
2025-02-03,South,86304,50049,70715,13766,8299,679387
2025-02-03,East,80386,12509,60985,16230,12188,565902
2025-02-03,West,105220,31400,52009,22765,14686,678931
2025-02-03,Central,119338,58270,36558,10902,10379,674990
2025-02-04,North,144289,16533,37718,6222,7171,585359
2025-02-04,South,71083,59833,36705,32050,14939,655303
2025-02-04,East,68354,24670,42082,39269,3554,560231
2025-02-04,West,72190,13932,32342,14050,7599,414960
2025-02-04,Central,56142,57363,32239,8574,14874,494589
2025-02-05,North,78398,55809,66622,16157,10421,701516
2025-02-05,South,101971,48328,66665,24575,13744,764764
2025-02-05,East,91862,46784,52274,22945,2054,654006
2025-02-05,West,148668,33723,31419,19962,6366,662328
2025-02-05,Central,103410,10719,62832,29852,6031,650810
2025-02-06,North,69503,10074,35003,35684,11315,498801
2025-02-06,South,98456,36498,50866,16796,5140,644558
2025-02-06,East,132035,41345,41988,29450,10078,744281
2025-02-06,West,58016,30541,75894,39846,13562,705246
2025-02-06,Central,52384,55929,63027,22504,3552,639602
2025-02-07,North,112320,44917,76588,35041,9795,883803
2025-02-07,South,65072,36028,44908,15715,7271,515440
2025-02-07,East,130018,39545,25674,26803,2115,653674
2025-02-07,West,90510,24033,25002,8370,5613,446314
2025-02-07,Central,98933,41673,47567,6908,14610,603546
2025-02-08,North,71826,40974,20910,26134,12802,517333
2025-02-08,South,118026,33097,49072,8587,8372,595999
2025-02-08,East,75518,46975,53717,35023,10551,709505
2025-02-08,West,74045,37608,41809,7413,10219,487673
2025-02-08,Central,100876,33525,46651,30038,5837,653395
2025-02-09,North,142446,25043,71666,27555,5533,841995
2025-02-09,South,140102,51846,64291,15952,11610,833468
2025-02-09,East,101919,21725,76853,8457,14231,690129
2025-02-09,West,149441,46704,63989,13464,13108,859913
2025-02-09,Central,77103,52075,36484,6150,7831,569069
2025-02-10,North,86188,47383,24646,37264,7963,602252
2025-02-10,South,55845,39483,59713,37786,3294,639348
2025-02-10,East,136698,17265,22400,14808,7970,551717
2025-02-10,West,86674,32763,64331,9081,9550,618756
2025-02-10,Central,69337,20116,42185,13933,13821,451923
2025-02-11,North,72313,25733,38727,7671,4075,425471
2025-02-11,South,76943,56660,53120,36217,9366,720023
2025-02-11,East,127949,35502,72107,24008,13869,833394
2025-02-11,West,50276,47420,68257,26883,13345,686987
2025-02-11,Central,101151,53241,21018,38282,7207,640879
2025-02-12,North,67611,19247,37563,37974,7817,556136
2025-02-12,South,61944,33840,25193,38715,3778,476120
2025-02-12,East,102887,31058,35701,20380,14867,598462
2025-02-12,West,131442,59693,23536,23212,14086,705897
2025-02-12,Central,99847,44929,68217,33174,12690,772510
2025-02-13,North,108653,28635,64610,11861,14720,653069
2025-02-13,South,136072,35628,38886,11094,2373,637489
2025-02-13,East,106622,41362,56587,29363,9557,731677
2025-02-13,West,77810,30953,76007,27310,12457,694147
2025-02-13,Central,127842,29128,70131,10943,11323,763692
2025-02-14,North,60503,57356,49410,19569,12034,605411
2025-02-14,South,134761,22061,53744,13793,3573,653749
2025-02-14,East,86976,16041,78715,30287,8026,697758
2025-02-14,West,61590,22673,71432,38971,6444,644383
2025-02-14,Central,60886,31059,58665,36369,2787,645856
2025-02-15,North,62866,44328,35957,28023,3545,532842
2025-02-15,South,116624,54722,68127,28897,14313,839644
2025-02-15,East,118899,27548,66008,28010,10561,795982
2025-02-15,West,82792,25078,52875,25114,6374,608861
2025-02-15,Central,59764,15419,68292,24050,7447,570030
2025-02-16,North,136156,45490,78316,26125,11894,889424
2025-02-16,South,92727,20550,21626,33558,11849,536453
2025-02-16,East,128471,59622,45279,25396,12120,765017
2025-02-16,West,58068,40337,26229,32125,6055,509509
2025-02-16,Central,57295,11468,26877,27580,2606,391893
2025-02-17,North,91160,34309,53642,28574,4576,674357
2025-02-17,South,61390,10808,58311,29619,8569,492738
2025-02-17,East,70131,34747,52356,18869,6124,548869
2025-02-17,West,144754,16719,23809,5658,7051,521188
2025-02-17,Central,125969,26363,63371,17122,2322,689707
2025-02-18,North,65038,38718,54875,18335,12068,595057
2025-02-18,South,102327,38801,64513,26677,2583,722902
2025-02-18,East,143718,53359,29465,33223,7389,750863
2025-02-18,West,127064,47841,20559,34814,13001,669209
2025-02-18,Central,71281,18012,28308,23075,10847,428703
2025-02-19,North,104189,28029,41353,16258,6881,597952
2025-02-19,South,98511,56660,35250,35527,10414,701096
2025-02-19,East,58605,51017,66023,15139,4122,641513
2025-02-19,West,51381,57915,55814,24514,9699,683943
2025-02-19,Central,116634,10767,66624,25917,9796,700326
2025-02-20,North,69810,13895,36427,34097,4220,461357
2025-02-20,South,74322,52968,53276,22788,7123,649076
2025-02-20,East,91869,50097,26107,30061,5550,638286
2025-02-20,West,82955,25332,33476,14947,7779,506894
2025-02-20,Central,111388,24621,23439,20544,12634,530340
2025-02-21,North,60207,21334,40312,25014,6928,471091
2025-02-21,South,137329,28174,41795,19795,14177,708161
2025-02-21,East,117628,43653,33136,37632,2166,703208
2025-02-21,West,78220,50502,34167,24352,8443,601555
2025-02-21,Central,134050,46674,37300,28653,12208,744267
2025-02-22,North,124085,47260,37182,6579,10309,652136
2025-02-22,South,72031,52498,24971,36758,8655,577313
2025-02-22,East,120721,12073,70912,37818,12001,805903
2025-02-22,West,130807,59464,46909,11452,9342,721285
2025-02-22,Central,121312,16269,39659,20340,4206,559860
2025-02-23,North,109766,27194,51403,7787,3250,581070
2025-02-23,South,62449,36811,68651,20839,6006,612540
2025-02-23,East,139833,16841,53586,7155,13301,635563
2025-02-23,West,106699,53723,30360,12019,6558,570408
2025-02-23,Central,131253,44800,41424,25614,11863,762973
2025-02-24,North,96092,19699,52499,31190,4151,623449
2025-02-24,South,113671,55505,64695,15928,7077,774521
2025-02-24,East,60350,20762,68791,13598,4297,545637
2025-02-24,West,146158,49897,23065,25581,11228,751298
2025-02-24,Central,118487,51556,23259,18919,4614,621692
2025-02-25,North,67622,12147,70058,9499,3879,524507
2025-02-25,South,120263,43383,32300,30602,10788,675937
2025-02-25,East,103117,43715,53370,34692,2620,741058
2025-02-25,West,108394,48445,24295,26760,8698,623268
2025-02-25,Central,73782,50634,47209,7920,7507,600969
2025-02-26,North,78454,12013,62751,29085,10262,602284
2025-02-26,South,117904,30081,56295,27925,3803,735679
2025-02-26,East,65592,26874,40927,10615,9116,449473
2025-02-26,West,72173,47755,54579,7783,6533,567903
2025-02-26,Central,83204,18733,64871,14605,11259,560792
2025-02-27,North,85596,19479,29032,24192,3925,496966
2025-02-27,South,84324,19825,47718,8331,3037,495624
2025-02-27,East,111202,31304,32877,36856,13634,672480
2025-02-27,West,139400,45694,60731,7846,5183,800256
2025-02-27,Central,80750,50050,74401,38697,11594,791323
2025-02-28,North,126112,25635,67992,17775,12553,731512
2025-02-28,South,66566,58615,46666,12549,11630,580362
2025-02-28,East,57190,30760,73767,27437,14003,612288
2025-02-28,West,138607,19490,78380,28958,10676,837348
2025-02-28,Central,88333,31252,61684,29243,6264,693886
2025-03-01,North,130905,49754,26766,33984,6898,717309
2025-03-01,South,139571,16862,78331,10833,10437,740208
2025-03-01,East,51589,54927,69954,28386,8121,682024
2025-03-01,West,75235,14423,71734,39813,7789,675719
2025-03-01,Central,50159,20450,42829,38805,5371,523873
2025-03-02,North,62145,50927,40221,11242,3350,531003
2025-03-02,South,130909,44841,45102,33704,10721,774699
2025-03-02,East,81921,32554,54433,29832,7714,633091
2025-03-02,West,66237,59853,35932,17321,5814,573013
2025-03-02,Central,58244,41826,45714,37407,9147,591296
2025-03-03,North,64743,52879,77803,9073,8485,697539
2025-03-03,South,147102,16825,59743,22667,11980,747316
2025-03-03,East,96101,53420,22552,21035,11894,619153
2025-03-03,West,134227,22454,76627,11732,5625,766454
2025-03-03,Central,149532,34251,65987,8487,13512,758066
2025-03-04,North,106378,30648,34274,39952,10951,669527
2025-03-04,South,121126,50736,65380,34425,10117,862361
2025-03-04,East,106071,34530,49250,24571,11595,684679
2025-03-04,West,121121,22516,22808,34075,10989,647860
2025-03-04,Central,124763,57058,63858,10495,2531,775082
2025-03-05,North,143814,50544,74785,23681,12109,886359
2025-03-05,South,62237,18558,65028,19781,6137,578236
2025-03-05,East,65649,18719,35295,13469,13608,400225
2025-03-05,West,87713,14886,67605,21202,2598,598835
2025-03-05,Central,123463,38185,75248,24928,9428,831150
2025-03-06,North,95409,47387,34669,15985,10497,578326
2025-03-06,South,98766,31575,30523,21775,6904,552477
2025-03-06,East,96154,56724,65530,5968,4909,700667
2025-03-06,West,57016,53113,33769,15382,2678,526864
2025-03-06,Central,129563,49643,66499,10151,5384,736694
2025-03-07,North,98688,20100,64645,31804,10922,700505
2025-03-07,South,139678,17856,45207,37259,4025,703632
2025-03-07,East,104238,48169,55224,25748,6228,717321
2025-03-07,West,108608,38804,45557,24691,4766,679712
2025-03-07,Central,139081,45790,58191,37020,4098,865962
2025-03-08,North,81897,40988,34246,32256,8761,601964
2025-03-08,South,100961,54443,32846,11125,2391,565679
2025-03-08,East,118703,20912,57085,9370,12935,670222
2025-03-08,West,94757,48506,70708,9838,5784,693728
2025-03-08,Central,76917,57894,71357,8134,8666,724931
2025-03-09,North,72736,32368,65403,16556,5837,597187
2025-03-09,South,77990,11770,33470,38822,14795,550248
2025-03-09,East,112551,22305,33176,32977,3685,605820
2025-03-09,West,108161,19969,73107,25113,8497,694146
2025-03-09,Central,129623,22404,61881,35566,4914,765992
2025-03-10,North,72440,18989,33546,7669,9116,451371
2025-03-10,South,85205,45983,26805,21081,11610,571654
2025-03-10,East,130811,54748,36788,17938,14383,721270
2025-03-10,West,105103,49462,49348,10717,14393,700904
2025-03-10,Central,120812,29360,70772,17282,14282,767886
2025-03-11,North,91627,30121,72104,19201,5726,719358
2025-03-11,South,69008,36287,28080,21289,14965,496558
2025-03-11,East,121274,59904,55886,29406,13821,831167
2025-03-11,West,82402,53429,43764,36286,13505,715122
2025-03-11,Central,103384,44160,26630,17873,6951,578957
2025-03-12,North,55793,16789,78938,21512,8058,608159
2025-03-12,South,55571,37181,53333,33927,9655,584605
2025-03-12,East,146867,24385,35701,28461,6610,719384
2025-03-12,West,66209,27061,34859,25710,9821,515414
2025-03-12,Central,140930,10105,41183,24952,3084,667903
2025-03-13,North,93148,54247,60438,18448,9583,693901
2025-03-13,South,141218,31137,51749,20198,11199,723288
2025-03-13,East,52224,44714,72020,12622,3317,588655
2025-03-13,West,98695,15544,51887,7402,8880,539797
2025-03-13,Central,82441,23275,78201,33467,4349,687905
2025-03-14,North,89129,49753,62244,39961,9337,792340
2025-03-14,South,112368,44550,28776,25739,4693,620380
2025-03-14,East,142122,29641,35021,23518,9208,710160
2025-03-14,West,94760,16213,24327,31547,12470,560179
2025-03-14,Central,73478,24485,75565,33936,8881,684066
2025-03-15,North,121854,25605,68043,25287,5722,738224
2025-03-15,South,144230,47637,27614,30476,5693,746939
2025-03-15,East,135716,30390,21245,17875,6392,592726
2025-03-15,West,62180,19867,61011,15686,14742,550873
2025-03-15,Central,148538,13981,30355,22536,9224,658619
2025-03-16,North,65372,19493,53305,39062,9802,586016
2025-03-16,South,79796,15682,68692,30041,14527,634186
2025-03-16,East,108272,15782,69004,36653,7717,713152
2025-03-16,West,139963,39799,69692,26673,13439,864759
2025-03-16,Central,148826,51905,49714,15367,5134,783651
2025-03-17,North,143635,26984,37198,24629,4598,701526
2025-03-17,South,104040,55780,21415,28100,12377,664053
2025-03-17,East,125357,32760,63798,11654,6052,747528
2025-03-17,West,121368,35993,21652,30063,14741,618687
2025-03-17,Central,128356,11524,63625,24322,5824,690672
2025-03-18,North,66211,59402,40446,24010,5520,564323
2025-03-18,South,55842,36120,38740,17693,3249,471409
2025-03-18,East,113115,10078,23810,14241,8586,492971
2025-03-18,West,116852,45891,78207,34778,9843,869906
2025-03-18,Central,95968,35473,36569,17651,4074,532938
2025-03-19,North,67508,49832,54319,30966,4504,690647
2025-03-19,South,72005,55836,33584,14275,14982,547679
2025-03-19,East,104575,18417,46783,6658,14997,554870
2025-03-19,West,130742,23362,76165,33963,4014,819170
2025-03-19,Central,68971,11209,53529,11932,6944,449152
2025-03-20,North,75599,47921,32511,19248,2948,554106
2025-03-20,South,137592,14898,29471,29437,2106,578820
2025-03-20,East,116914,28562,65235,23201,12683,767967
2025-03-20,West,117055,20871,26163,29355,6692,581389
2025-03-20,Central,137697,17610,36065,19999,10346,626647
2025-03-21,North,55355,53845,76787,11376,5240,652327
2025-03-21,South,104120,37382,64654,8476,10987,691787
2025-03-21,East,124619,25791,72433,9366,14559,727695
2025-03-21,West,88342,45312,37920,30733,11762,643095
2025-03-21,Central,135992,48290,58969,17458,7303,778671
2025-03-22,North,128860,12370,72316,37795,3634,745054
2025-03-22,South,52257,29665,68348,25615,12130,619281
2025-03-22,East,77364,14710,39154,16164,3532,506537
2025-03-22,West,74972,10328,79307,8024,9608,594263
2025-03-22,Central,76654,56451,60167,34559,13220,748104
2025-03-23,North,130769,48347,40229,6264,14409,675689
2025-03-23,South,131423,30612,72587,14047,3440,759480
2025-03-23,East,79320,55890,73862,11587,11590,717218
2025-03-23,West,70808,16794,69713,11577,5646,562045
2025-03-23,Central,102389,42888,46997,22635,13589,631297
2025-03-24,North,145690,16749,41101,8870,7599,573914
2025-03-24,South,84773,56531,60391,39094,14437,797816
2025-03-24,East,101168,30608,30327,14217,14994,541816
2025-03-24,West,77747,25450,27187,22602,13234,465325
2025-03-24,Central,126396,13675,49685,5605,3615,562337
2025-03-25,North,133692,28460,79405,27343,11705,845186
2025-03-25,South,107505,48411,54948,18003,9994,708419
2025-03-25,East,135896,21560,54728,37089,8296,798202
2025-03-25,West,68135,42463,73031,22661,4598,656958
2025-03-25,Central,140887,41663,57921,21782,11036,822478
2025-03-26,North,146035,58151,27035,35029,13611,809309
2025-03-26,South,97377,13170,31471,18487,5530,480412
2025-03-26,East,73554,43123,48460,27065,9590,636301
2025-03-26,West,112491,38810,72422,15844,4327,760286
2025-03-26,Central,105621,19718,41071,24323,8565,564627
2025-03-27,North,108283,10028,20582,30397,9767,497176
2025-03-27,South,135140,57599,68282,22328,13232,896142
2025-03-27,East,66923,27397,46189,34715,3976,551749
2025-03-27,West,97591,53662,78445,22580,3835,817658
2025-03-27,Central,112261,51787,35531,5823,6899,635566
2025-03-28,North,104336,55406,36672,31472,2354,688063
2025-03-28,South,124083,57657,74816,12084,11797,836213
2025-03-28,East,110948,12024,60747,17455,6473,616076
2025-03-28,West,83002,48607,40243,15607,5195,572026
2025-03-28,Central,130098,23503,23060,21919,12319,580663
2025-03-29,North,123016,20303,33731,24394,11179,628390
2025-03-29,South,76672,27138,32294,15819,14520,474947
2025-03-29,East,54213,35345,70335,16969,10345,599473
2025-03-29,West,60293,39505,40719,22333,2906,531695
2025-03-29,Central,149977,11906,67042,16700,13955,758588
2025-03-30,North,105860,50167,70598,36792,9198,835826
2025-03-30,South,112507,17961,69116,38311,3620,770369
2025-03-30,East,107134,36140,75831,16945,13820,789726
2025-03-30,West,52100,22031,46325,23630,13766,492647
2025-03-30,Central,111997,25128,42597,29944,6418,676618
2025-03-31,North,78172,25663,21903,28360,10523,483652
2025-03-31,South,70132,44228,34551,17813,6338,538766
2025-03-31,East,68199,25682,47751,9601,2429,516109
2025-03-31,West,86609,25193,44278,17930,7301,533997
2025-03-31,Central,92965,38561,45653,9333,4423,561792
2025-04-01,North,58016,53813,35141,10399,10272,519971
2025-04-01,South,89779,17766,22377,22839,3573,451124
2025-04-01,East,81881,39844,53615,25195,10035,628128
2025-04-01,West,132594,39432,76522,32848,2419,868691
2025-04-01,Central,74472,39504,67148,28693,2466,650346
2025-04-02,North,101813,47146,47452,6854,7176,624611
2025-04-02,South,86021,50297,42725,36558,5393,678844
2025-04-02,East,104131,30858,70391,7985,11757,707625
2025-04-02,West,74087,13071,74752,24278,11710,655441
2025-04-02,Central,62828,26939,29524,38326,9433,502645
2025-04-03,North,111610,34931,67999,24280,9394,801733
2025-04-03,South,146664,54460,31698,39022,14222,800375
2025-04-03,East,51401,11040,63339,20667,4035,467381
2025-04-03,West,135179,12686,41175,23065,10995,618579
2025-04-03,Central,65193,22666,32314,26655,11269,452641
2025-04-04,North,142389,45321,64197,15006,3632,823670
2025-04-04,South,94864,11779,22365,11283,3984,443058
2025-04-04,East,70307,23186,52017,8325,9121,535237
2025-04-04,West,69611,26459,52126,35783,2003,553463
2025-04-04,Central,93791,30710,63372,8143,9477,644686
2025-04-05,North,61950,32219,64134,17417,7998,615564
2025-04-05,South,126240,15057,57823,36300,2602,744275
2025-04-05,East,127403,28733,25622,31526,9256,623380
2025-04-05,West,52745,29157,50540,33896,12559,568615
2025-04-05,Central,105243,45030,69524,32606,13867,799118
2025-04-06,North,53866,29613,60551,12551,10692,545969
2025-04-06,South,82245,53076,21949,7246,8714,466153
2025-04-06,East,94724,59544,69396,12649,10376,771757
2025-04-06,West,121354,27492,62800,5888,13701,670869
2025-04-06,Central,101374,30746,51912,34424,5251,691571
2025-04-07,North,80116,15188,76947,16075,5147,615128
2025-04-07,South,131029,51570,74924,27699,13132,897982
2025-04-07,East,143574,39680,52161,14950,11487,780853
2025-04-07,West,70447,47825,64387,10413,10144,664403
2025-04-07,Central,80431,46766,36508,8569,2054,504207
2025-04-08,North,67908,18864,65592,6242,11916,538141
2025-04-08,South,79336,46445,63713,35085,4910,703415
2025-04-08,East,90992,15796,21919,15487,3870,415278
2025-04-08,West,105350,57218,62595,23309,14364,781181
2025-04-08,Central,119561,49131,29617,35771,12535,689848
2025-04-09,North,101955,18123,29732,31638,13482,587066
2025-04-09,South,111240,18222,53298,26615,5348,651875
2025-04-09,East,70093,34074,60617,13039,3601,561827
2025-04-09,West,56155,56422,26929,13198,7767,477932
2025-04-09,Central,96607,39825,57117,39354,12985,777095
2025-04-10,North,83487,46839,34456,8824,7830,554155
2025-04-10,South,105668,51576,64063,28999,13529,814870
2025-04-10,East,70963,12786,41140,8436,10120,416704
2025-04-10,West,100124,43638,38185,33014,9043,669985
2025-04-10,Central,102870,46964,57924,21057,4090,689822
2025-04-11,North,106547,54564,44240,6310,7480,642318
2025-04-11,South,114110,35988,41845,14819,11443,654930
2025-04-11,East,103554,45507,29228,18457,8370,616921
2025-04-11,West,70936,43708,41686,5477,7182,495885
2025-04-11,Central,54426,43108,31920,13906,2170,462732
2025-04-12,North,138839,39715,27432,14868,4809,650170
2025-04-12,South,77606,33806,64971,23546,8993,650901
2025-04-12,East,97832,46901,26189,38276,9929,658785
2025-04-12,West,78151,27043,48039,12319,12546,561396
2025-04-12,Central,129303,20225,53910,38149,11965,774037
2025-04-13,North,61308,19752,76228,6845,8711,537743
2025-04-13,South,112522,13457,50226,28684,13946,645303
2025-04-13,East,95671,52616,27614,34858,5991,649458
2025-04-13,West,140306,19241,79099,31667,9135,837918
2025-04-13,Central,144108,10453,67021,30293,12273,821443
2025-04-14,North,52204,19896,41224,29893,2826,471640
2025-04-14,South,142769,31826,38013,9629,11857,652796
2025-04-14,East,137265,20976,41446,10704,2129,603275
2025-04-14,West,81131,58640,69914,6776,3417,675050
2025-04-14,Central,102428,43586,59673,36236,8798,784058
2025-04-15,North,83870,14868,57657,6244,8773,540803
2025-04-15,South,99067,26396,24839,6333,13979,463057
2025-04-15,East,108585,41634,56725,8669,3407,689805
2025-04-15,West,71607,22171,50203,22584,7136,531919
2025-04-15,Central,74968,34111,20557,32277,10785,490582
2025-04-16,North,148934,43688,50666,6933,3037,745947
2025-04-16,South,61908,31304,57389,38514,12320,613684
2025-04-16,East,76423,52274,67700,29357,13470,721066
2025-04-16,West,124707,49243,53607,32071,14491,796090
2025-04-16,Central,128257,38253,44578,11827,9546,658494
2025-04-17,North,111215,40980,29243,35844,7903,674199
2025-04-17,South,105835,12017,29596,30664,2022,504465
2025-04-17,East,99429,17957,77500,5792,11825,663741
2025-04-17,West,132152,58998,26998,22651,8287,728049
2025-04-17,Central,88458,52188,30129,24074,14193,639763
2025-04-18,North,96169,14792,20510,12874,14391,430842
2025-04-18,South,57659,23237,31596,21676,3405,414665
2025-04-18,East,110614,26251,32974,23032,11670,631864
2025-04-18,West,127240,29252,21137,35885,8467,659998
2025-04-18,Central,82793,20707,66468,16008,3194,591899
2025-04-19,North,96473,44206,74758,10171,10767,752898
2025-04-19,South,146762,38740,47897,14589,9923,750569
2025-04-19,East,139388,13543,24666,23077,3606,576070
2025-04-19,West,147618,54135,28906,11710,14561,766846
2025-04-19,Central,138330,58288,41818,25236,10643,819068
2025-04-20,North,105751,49111,63246,19937,10316,792842
2025-04-20,South,128915,45031,75598,14754,13646,817459
2025-04-20,East,104254,52929,22654,30688,12556,678510
2025-04-20,West,57006,10211,53758,12048,12058,451336
2025-04-20,Central,124218,56577,44204,27568,8250,766694
2025-04-21,North,115344,49795,54928,37047,3683,802284
2025-04-21,South,83840,10331,74892,14483,11098,623294
2025-04-21,East,82430,33244,73609,22545,13726,727704
2025-04-21,West,73091,18169,50552,22413,10621,556799
2025-04-21,Central,82983,32104,67904,33913,4751,690518
2025-04-22,North,73989,51901,30336,38746,9504,596708
2025-04-22,South,125451,24591,67037,13709,14017,727738
2025-04-22,East,68990,41711,36206,30358,9663,567742
2025-04-22,West,140270,58893,54831,16023,10553,825645
2025-04-22,Central,130360,10727,63563,34851,10623,782895
2025-04-23,North,86081,31359,38361,33756,4722,594002
2025-04-23,South,61033,53822,61335,16145,7639,683916
2025-04-23,East,66241,46011,28933,26192,13253,566461
2025-04-23,West,55939,59800,71819,23839,5223,694377
2025-04-23,Central,97562,47863,45816,32410,7441,663564
2025-04-24,North,85063,56577,35619,16447,11822,653834
2025-04-24,South,126721,32998,57687,26033,9381,750773
2025-04-24,East,77045,20929,46943,15129,14863,544425
2025-04-24,West,94769,24842,46819,35358,7184,623501
2025-04-24,Central,97118,33519,31741,18907,2269,573001
2025-04-25,North,134703,27393,77761,26637,9704,859573
2025-04-25,South,71625,44318,76794,27369,8115,709471
2025-04-25,East,77076,18995,28798,34481,11315,469082
2025-04-25,West,114805,38656,45143,36681,13368,742445
2025-04-25,Central,94605,57934,69695,7589,9298,744194
2025-04-26,North,134565,50260,52747,28560,13584,840562
2025-04-26,South,138509,55269,67334,8034,6533,807044
2025-04-26,East,89121,25567,53651,5169,3042,525407
2025-04-26,West,115101,38840,41182,31913,3641,650180
2025-04-26,Central,81433,33831,77192,8239,8603,648843
2025-04-27,North,93309,23265,29415,8415,12633,442822
2025-04-27,South,117468,15424,31085,24952,5297,547956
2025-04-27,East,94254,30625,35008,16408,9055,549643
2025-04-27,West,117293,24086,42102,8484,3383,576633
2025-04-27,Central,146258,39187,38452,23225,5996,716813
2025-04-28,North,87853,45929,76630,19923,2014,743139
2025-04-28,South,88405,30539,28120,25936,3674,552794
2025-04-28,East,116652,35103,27820,24410,7099,602288
2025-04-28,West,93527,37874,64669,34997,5617,714258
2025-04-28,Central,127227,19215,38170,26863,10099,658323
2025-04-29,North,50492,49385,36259,10380,8557,494705
2025-04-29,South,143418,32044,42099,25710,7474,714076
2025-04-29,East,58811,21926,29649,20285,3480,395578
2025-04-29,West,143344,57860,50255,32260,11937,830078
2025-04-29,Central,74272,41501,79258,37879,9698,769970
2025-04-30,North,143935,39774,61037,21143,5046,788945
2025-04-30,South,122010,35008,31805,12413,9363,568982
2025-04-30,East,142492,58928,70460,36578,7957,951495
2025-04-30,West,97153,27560,77991,19726,6210,718888
2025-04-30,Central,104110,34340,63147,32015,7471,739121
2025-05-01,North,63979,34976,28744,10983,2975,417764
2025-05-01,South,78328,58406,66053,24178,3685,757730
2025-05-01,East,62867,37626,61241,31990,4083,641288
2025-05-01,West,109234,42720,52305,15321,12481,702065
2025-05-01,Central,75851,45001,45857,39294,3686,689172
2025-05-02,North,81279,14700,79190,39737,6158,735191
2025-05-02,South,146063,53795,30679,22886,8809,741505
2025-05-02,East,123402,17860,67373,27791,10700,713185
2025-05-02,West,65449,17526,49829,13301,2187,459017
2025-05-02,Central,126221,48327,30985,37993,4782,756122
2025-05-03,North,139080,49500,48287,38381,6188,855654
2025-05-03,South,55451,12513,32391,19082,6100,377369
2025-05-03,East,137178,17830,24861,10458,13701,558303
2025-05-03,West,91316,24781,71928,27300,13709,715869
2025-05-03,Central,113064,17910,54364,7699,4072,576617
2025-05-04,North,113761,25847,36863,34485,8651,636272
2025-05-04,South,88870,15649,51499,6019,2097,487400
2025-05-04,East,146566,19120,72464,37471,11483,877592
2025-05-04,West,80873,11951,75308,25270,8805,624204
2025-05-04,Central,108627,20165,47794,27615,5464,659656
2025-05-05,North,116155,24352,62923,18698,3787,688028
2025-05-05,South,149186,19746,27919,11729,9763,582340
2025-05-05,East,75372,53738,75896,16171,7404,745154
2025-05-05,West,53642,38997,63102,18947,2683,605190
2025-05-05,Central,78001,51954,40282,39725,3132,720116
2025-05-06,North,84064,34183,67396,24450,14314,723911
2025-05-06,South,144826,18804,54840,18300,7877,700137
2025-05-06,East,64122,37169,62255,24064,8198,625653
2025-05-06,West,74820,10595,25624,9441,13396,431740
2025-05-06,Central,118431,39592,53706,24332,13315,725906
2025-05-07,North,105745,50643,28176,25115,5836,603170
2025-05-07,South,100081,30823,53529,38869,11806,708641
2025-05-07,East,120902,15972,76406,26868,3041,735620
2025-05-07,West,58711,25882,32941,25615,13057,459802
2025-05-07,Central,135132,10858,21669,18615,7889,524786
2025-05-08,North,68793,15519,59896,19732,2854,547214
2025-05-08,South,58199,33769,40246,30367,7738,503617
2025-05-08,East,126253,35020,71837,5981,4026,739643
2025-05-08,West,86191,52748,64859,26554,12179,735155
2025-05-08,Central,60211,47085,75786,30319,7365,726772
2025-05-09,North,113069,29838,71083,21130,4550,752750
2025-05-09,South,138896,54912,60076,23815,9089,871662
2025-05-09,East,106746,22879,40323,13566,2239,566601
2025-05-09,West,71542,43798,53894,31329,2489,628032
2025-05-09,Central,81312,52255,26021,11349,14043,531849
2025-05-10,North,95242,34290,59205,15728,3036,668307
2025-05-10,South,143783,56073,59807,23375,11530,880615
2025-05-10,East,137893,20255,74525,26814,8132,831458
2025-05-10,West,105388,11447,70355,26545,6780,661357
2025-05-10,Central,77691,53005,56903,23953,9909,703580
2025-05-11,North,127960,39195,67879,7872,5269,709369
2025-05-11,South,134388,12850,64732,14368,8122,669399
2025-05-11,East,72601,38400,28711,39103,12746,555910
2025-05-11,West,68020,21953,27904,10413,7710,407902
2025-05-11,Central,58155,50874,55051,34269,13692,677473
2025-05-12,North,119119,33535,40942,25156,14054,662043
2025-05-12,South,131051,20000,74499,18423,3767,719143
2025-05-12,East,86777,19503,44251,6987,6708,509395
2025-05-12,West,69710,25493,75096,23369,10353,665387
2025-05-12,Central,74532,14055,45058,32868,10847,554014
2025-05-13,North,68601,48170,55245,16434,5006,643056
2025-05-13,South,113227,42408,23093,19548,14908,603897
2025-05-13,East,54967,52049,44918,21636,13698,556520
2025-05-13,West,134289,44440,27207,37383,3256,741798
2025-05-13,Central,70022,38251,78806,22007,12350,698607
2025-05-14,North,93463,14532,29394,35211,12143,540250
2025-05-14,South,124671,14924,78965,16328,9077,736882
2025-05-14,East,55722,58037,46974,8389,7351,528728
2025-05-14,West,77413,22546,48172,14458,2749,501528
2025-05-14,Central,142772,36579,52283,7945,2708,739435
2025-05-15,North,131050,16085,67609,14352,8416,692049
2025-05-15,South,135867,22390,58995,15486,11813,742034
2025-05-15,East,133596,23280,33280,7092,8950,542690
2025-05-15,West,116732,34118,56303,10112,14328,715463
2025-05-15,Central,62297,14864,47453,21937,14847,530734
2025-05-16,North,118323,52084,76156,6112,10657,778914
2025-05-16,South,73816,43989,63350,36740,14187,728449
2025-05-16,East,90695,45628,22913,28481,11292,590418
2025-05-16,West,69702,36849,45765,15025,3713,515793
2025-05-16,Central,75242,37566,22340,39082,14777,594158
2025-05-17,North,105841,20702,46179,18562,9936,596695
2025-05-17,South,117712,51196,47873,16304,10308,706637
2025-05-17,East,135663,25385,58057,12015,12673,716515
2025-05-17,West,142764,19336,20597,10710,2195,524456
2025-05-17,Central,103574,41225,77988,17588,6714,769966
2025-05-18,North,135744,46021,49119,25967,11666,779120
2025-05-18,South,78482,13782,35025,26904,12664,481562
2025-05-18,East,59171,33341,27145,29256,14321,503517
2025-05-18,West,148932,59918,55670,30052,13246,872589
2025-05-18,Central,53696,34094,75797,20436,3274,653039
2025-05-19,North,70058,59111,61723,26815,5709,709248
2025-05-19,South,70313,33866,27694,20196,2338,500461
2025-05-19,East,69149,29049,24830,23089,8761,476913
2025-05-19,West,103521,52719,43930,22604,5511,655946
2025-05-19,Central,95740,40992,43752,7506,6275,577569
2025-05-20,North,54956,59037,62602,37584,14909,690367
2025-05-20,South,125731,24567,30489,25709,13491,608876
2025-05-20,East,132612,54451,52692,8090,3656,738541
2025-05-20,West,116641,13513,35768,26552,8762,571567
2025-05-20,Central,113811,59647,63132,34135,10834,847607
2025-05-21,North,102160,23335,22160,19691,11872,493365
2025-05-21,South,101313,54140,66036,38741,11542,883105
2025-05-21,East,113232,48590,75030,26661,7273,839206
2025-05-21,West,65417,24837,76815,11092,10810,618224
2025-05-21,Central,74729,22122,40133,5570,3169,438517
2025-05-22,North,80099,44840,67253,17084,10443,691207
2025-05-22,South,148134,41007,55690,5307,10173,713929
2025-05-22,East,79961,51297,42870,8742,2301,593886
2025-05-22,West,62602,37684,44496,33792,13333,578042
2025-05-22,Central,59256,36393,77923,5765,3566,619236
2025-05-23,North,136120,32754,56572,29198,13356,817448
2025-05-23,South,84681,30799,74030,12735,9816,628457
2025-05-23,East,141328,48727,22368,21202,14149,692599
2025-05-23,West,137440,19107,67925,16377,4210,746467
2025-05-23,Central,114789,15993,60861,19297,13344,674819
2025-05-24,North,93361,40805,56700,13036,13851,655926
2025-05-24,South,114503,38114,49203,29369,9230,709946
2025-05-24,East,84540,47789,31552,39817,10803,627613
2025-05-24,West,76536,56314,25608,6663,8588,524371
2025-05-24,Central,134700,52942,75787,17028,3943,874163
2025-05-25,North,113043,26138,65667,24823,10265,734806
2025-05-25,South,128532,54527,75547,20077,13065,851476
2025-05-25,East,106575,19190,42485,24631,6637,588296
2025-05-25,West,52871,36723,62060,6910,10348,534351
2025-05-25,Central,96002,22886,29862,38500,13750,607176
2025-05-26,North,99812,26779,58299,24897,7385,630101
2025-05-26,South,72626,38174,30412,16134,2255,456797
2025-05-26,East,109979,39086,41354,31897,5110,715455
2025-05-26,West,126057,27322,26344,12056,11243,551218
2025-05-26,Central,116668,52596,77560,33950,7032,855555
2025-05-27,North,149003,45278,69527,7753,8261,816143
2025-05-27,South,130070,28033,60655,36941,4417,774145
2025-05-27,East,139390,30074,37993,39140,4256,749193
2025-05-27,West,92998,13435,48682,19234,4634,556891
2025-05-27,Central,113814,45969,68926,14636,13088,756160
2025-05-28,North,95607,38942,48415,8376,3891,579023
2025-05-28,South,57812,39059,39323,35783,13875,582728
2025-05-28,East,111844,57921,73214,21447,14603,861908
2025-05-28,West,120093,42826,37997,25329,5464,659586
2025-05-28,Central,52179,40297,75730,21713,12683,637138
2025-05-29,North,93798,53890,77003,9858,13931,808868
2025-05-29,South,124601,31322,23679,24472,11967,604576
2025-05-29,East,58275,45739,49489,21524,14128,614319
2025-05-29,West,100574,19719,60308,9539,9426,608634
2025-05-29,Central,97857,24017,29488,23857,3970,547985
2025-05-30,North,70700,18314,59842,10364,13911,547661
2025-05-30,South,89464,38295,23996,5449,5953,468926
2025-05-30,East,92351,19628,73938,25830,7818,694737
2025-05-30,West,143330,52122,25695,26078,8771,701471
2025-05-30,Central,144319,21492,50204,5869,12684,668665
2025-05-31,North,132534,46113,78499,33140,14857,918933
2025-05-31,South,63869,25357,43382,8659,8748,450517
2025-05-31,East,110315,43329,34235,19385,7003,617176
2025-05-31,West,143688,30365,22366,24337,2648,633502
2025-05-31,Central,70954,49029,47467,10131,11832,586221
2025-06-01,North,81555,11737,79316,6358,14626,605117
2025-06-01,South,113353,19096,66932,30614,10720,756085
2025-06-01,East,132190,29938,26764,21771,4101,603436
2025-06-01,West,95026,22682,45360,18603,2418,558731
2025-06-01,Central,96976,37499,68295,21246,4352,761649
2025-06-02,North,130578,54491,51923,22216,13701,778740
2025-06-02,South,141502,54866,78425,25577,7775,928694
2025-06-02,East,95095,51894,50175,16301,10276,635437
2025-06-02,West,64270,56157,36292,14515,9691,549067
2025-06-02,Central,80908,51034,79377,31802,12491,809499
2025-06-03,North,65523,10294,21614,5891,3751,311780
2025-06-03,South,112433,42536,40939,26972,14413,677443
2025-06-03,East,97068,34596,67164,25932,4657,699955
2025-06-03,West,69991,42649,38800,9192,14167,519711
2025-06-03,Central,60775,21434,76440,21128,8123,584137
2025-06-04,North,127801,48098,43246,27836,7524,766884
2025-06-04,South,134995,14655,72805,29837,4351,757986
2025-06-04,East,111250,27493,75791,27778,10071,778113
2025-06-04,West,66673,56228,69648,21708,13291,707802
2025-06-04,Central,77056,13771,69656,29232,3289,611466
2025-06-05,North,56614,18563,76851,9782,13315,533380
2025-06-05,South,57415,27558,51688,31315,4702,551086
2025-06-05,East,138691,43932,47962,15052,10835,720562
2025-06-05,West,93884,52243,49764,24521,4905,688932
2025-06-05,Central,66964,36567,52470,8898,14259,531462
2025-06-06,North,87726,42376,79552,22219,14255,769922
2025-06-06,South,87044,31922,58501,9154,6669,556530
2025-06-06,East,107149,22388,77207,18809,4922,737785
2025-06-06,West,87544,39332,23216,30972,8654,577356
2025-06-06,Central,99976,56737,42072,17523,4021,646769
2025-06-07,North,82252,33495,48242,27030,5624,660964
2025-06-07,South,53832,18434,78752,25105,8344,624659
2025-06-07,East,140811,30991,57132,29295,9778,790452
2025-06-07,West,130437,37472,65037,16864,13062,773985
2025-06-07,Central,84148,50030,75194,17876,13310,734795
2025-06-08,North,111240,36849,37861,23055,2136,613240
2025-06-08,South,138454,11541,66597,38684,6225,792792
2025-06-08,East,135076,12765,24960,26972,11410,592171
2025-06-08,West,127116,53074,38781,30493,11209,733198
2025-06-08,Central,103459,47259,61069,14325,13892,749716
2025-06-09,North,88402,39283,51126,25373,14719,677336
2025-06-09,South,107727,45851,61609,26181,5140,792164
2025-06-09,East,88578,44625,42578,15961,13721,616295
2025-06-09,West,140453,10769,76722,22705,4587,799903
2025-06-09,Central,72318,27806,60498,31104,12574,615212
2025-06-10,North,125715,34982,37883,18509,8669,664929
2025-06-10,South,127787,12972,49782,12101,4605,573241
2025-06-10,East,135029,28256,76387,9743,7004,756564
2025-06-10,West,70466,48367,36979,13951,13279,594699
2025-06-10,Central,145742,28653,53746,12014,13719,727787
2025-06-11,North,95475,48043,20730,13219,12749,537118
2025-06-11,South,110142,31133,20056,12163,10400,526387
2025-06-11,East,135160,49339,51457,7470,9504,736122
2025-06-11,West,76564,35757,22243,21543,5810,454244
2025-06-11,Central,72412,47840,75031,24276,8080,705865
2025-06-12,North,143526,52399,21701,18414,9408,702110
2025-06-12,South,101001,54013,76381,12749,6153,782958
2025-06-12,East,107649,42069,70438,29182,12199,820344
2025-06-12,West,110957,24706,28303,16914,13055,561779
2025-06-12,Central,85517,48231,35100,20007,5376,580871
2025-06-13,North,63156,37909,65766,35951,3368,667509
2025-06-13,South,73064,50218,62161,37608,9809,735139
2025-06-13,East,75711,21095,20947,26383,5800,433017
2025-06-13,West,80106,30343,40505,18042,3037,515493
2025-06-13,Central,115458,36469,26553,30412,14664,650073
2025-06-14,North,66589,11313,53525,18181,12482,531923
2025-06-14,South,139272,17847,34866,8405,2992,543070
2025-06-14,East,136511,19166,50472,35868,9312,792575
2025-06-14,West,57214,19930,64348,15862,13130,555846
2025-06-14,Central,146117,13285,25651,33688,6510,647389
2025-06-15,North,135731,45863,27273,35945,2393,696435
2025-06-15,South,77127,26704,30033,17939,10005,461619
2025-06-15,East,55141,28705,23535,33931,5686,460463
2025-06-15,West,78884,10555,38677,27942,2357,491111
2025-06-15,Central,140421,31323,37488,10272,6004,617094
2025-06-16,North,52708,15432,61621,29265,3181,516097
2025-06-16,South,68375,11386,20908,33668,8817,409405
2025-06-16,East,65088,54007,75691,21024,4065,692715
2025-06-16,West,107615,20619,24617,36899,8871,581680
2025-06-16,Central,95046,16854,62816,8747,14094,577763
2025-06-17,North,60014,52964,50431,14297,13610,603489
2025-06-17,South,114425,58801,43453,6607,5129,639953
2025-06-17,East,53273,17637,55079,26458,2154,522844
2025-06-17,West,97135,31225,36020,32973,13750,684692
2025-06-17,Central,80881,55730,69941,28117,11746,786633
2025-06-18,North,147022,36739,66353,21450,10678,828736
2025-06-18,South,128077,57708,66785,20535,8294,838912
2025-06-18,East,58712,20618,69323,34355,11574,606846
2025-06-18,West,124704,46561,65320,12645,4415,787378
2025-06-18,Central,102874,17373,46562,9158,3070,537005
2025-06-19,North,119087,45281,44373,21786,4254,659623
2025-06-19,South,62297,30187,66105,35911,10042,627427
2025-06-19,East,77128,12327,50164,31578,11698,529233
2025-06-19,West,118368,42391,21885,9166,12067,582096
2025-06-19,Central,144019,51577,77819,24309,9807,910713
2025-06-20,North,137599,28549,21049,20076,8840,618463
2025-06-20,South,138499,49220,73281,24377,8713,878612
2025-06-20,East,128958,17642,63271,14278,4190,702607
2025-06-20,West,82920,24435,21161,38539,9264,513516
2025-06-20,Central,61156,43760,20815,16440,11262,466490
2025-06-21,North,61108,48192,56534,31245,10382,637760
2025-06-21,South,81845,14381,47498,27097,10331,538556
2025-06-21,East,52800,41047,78097,13167,14902,634310
2025-06-21,West,92712,29558,73813,6556,9398,674123
2025-06-21,Central,52610,40782,45037,6151,14202,462306
2025-06-22,North,127603,14782,56007,26698,13603,696498
2025-06-22,South,83872,35881,33942,22601,4972,537139
2025-06-22,East,60728,50228,47278,31807,3514,617949
2025-06-22,West,145102,39409,28272,25328,13312,701417
2025-06-22,Central,145319,29462,71956,13039,5970,808636
2025-06-23,North,70583,12983,77183,11303,6719,562180
2025-06-23,South,135774,41933,53637,24053,13716,811179
2025-06-23,East,57263,56950,58294,36644,3345,697257
2025-06-23,West,117450,12523,27741,25762,14374,549615
2025-06-23,Central,139285,19677,24694,28611,3917,628403
2025-06-24,North,69456,20292,50306,5422,9641,452167
2025-06-24,South,141118,25089,78150,36275,14569,899997
2025-06-24,East,115942,14581,21934,31597,14102,544333
2025-06-24,West,63689,21907,41556,16985,10644,478169
2025-06-24,Central,82934,15609,69855,33707,14334,676828
2025-06-25,North,83276,54143,69086,8372,3611,668305
2025-06-25,South,69873,32936,38907,21083,13359,498197
2025-06-25,East,63050,52725,71791,39710,4078,745781
2025-06-25,West,116216,55723,26159,30816,12773,719607
2025-06-25,Central,134444,43988,68487,14950,4064,808159
2025-06-26,North,134040,39506,49158,39247,9379,775095
2025-06-26,South,71644,23163,40293,9626,7779,454348
2025-06-26,East,112021,56057,65761,31408,11450,867864
2025-06-26,West,87125,22537,66581,15777,14679,630128
2025-06-26,Central,116899,32419,53932,10147,9150,639588
2025-06-27,North,92291,52578,53387,10443,2353,678212
2025-06-27,South,85060,19455,60750,5079,14592,539361
2025-06-27,East,51538,19063,23066,36282,7718,416195
2025-06-27,West,86176,10834,41256,17901,5636,474590
2025-06-27,Central,91520,42214,61406,7223,11755,662913
2025-06-28,North,75675,37398,55105,18768,8044,613206
2025-06-28,South,68287,44492,77552,22507,2711,680691
2025-06-28,East,50174,12413,25594,21249,13694,352816
2025-06-28,West,142268,19505,22460,39171,12924,669749
2025-06-28,Central,84998,47266,26820,12485,11048,531731
2025-06-29,North,103312,12105,74698,34784,6272,723098
2025-06-29,South,62112,12568,56210,29617,3429,522194
2025-06-29,East,125225,52098,36191,8878,8444,637509
2025-06-29,West,94814,59361,39095,6949,12684,658192
2025-06-29,Central,135091,47679,69094,24844,13390,883642
2025-06-30,North,100719,59385,30529,25881,5420,653610
2025-06-30,South,83919,43560,52175,26614,4068,669986
2025-06-30,East,123155,24195,37675,28828,9159,646308
2025-06-30,West,121569,56669,63158,14958,6806,776237
2025-06-30,Central,91328,25762,66798,13697,8844,645345
2025-07-01,North,120482,51294,25374,26624,13683,679913
2025-07-01,South,74618,25898,45976,20493,10343,574190
2025-07-01,East,84675,31577,33142,26199,5231,526403
2025-07-01,West,68919,11214,71807,5256,4906,502119
2025-07-01,Central,54173,30803,32204,39488,5551,547992
2025-07-02,North,76400,58114,75665,35493,11658,839234
2025-07-02,South,100445,33698,27394,28731,6191,587456
2025-07-02,East,120305,42980,69856,12076,5423,748567
2025-07-02,West,87564,11658,53593,6071,6057,509972
2025-07-02,Central,95814,22270,61964,39390,7194,680642
2025-07-03,North,129747,56797,31652,7066,13117,662063
2025-07-03,South,138791,47792,69528,30645,5665,863783
2025-07-03,East,77962,55807,53740,38665,6735,711022
2025-07-03,West,134892,32301,73365,34412,13622,851451
2025-07-03,Central,135842,15141,64036,36835,11348,806708
2025-07-04,North,120533,48756,20443,31578,8389,692421
2025-07-04,South,106184,23777,43903,14883,14399,612817
2025-07-04,East,132912,48346,53522,27217,9882,821412
2025-07-04,West,60578,39441,48180,15707,7289,525316
2025-07-04,Central,68624,57819,68791,18140,9798,707110
2025-07-05,North,89194,38469,41119,16093,5408,548564
2025-07-05,South,50389,13845,30363,21500,3161,344547
2025-07-05,East,149303,54650,63665,11507,3259,809602
2025-07-05,West,117391,33290,58164,37586,6090,745331
2025-07-05,Central,63794,57015,51541,10830,13033,614408
2025-07-06,North,108002,40699,23465,35608,7690,641905
2025-07-06,South,85531,54252,22711,29511,13394,579473
2025-07-06,East,102815,43146,71559,38427,4981,823039
2025-07-06,West,54986,13293,45198,23506,10065,483376
2025-07-06,Central,82298,54398,74740,33395,5554,792851
2025-07-07,North,51481,56428,42488,32126,13664,592840
2025-07-07,South,106408,26608,58515,34466,11416,715035
2025-07-07,East,119267,10737,70875,22970,14579,752049
2025-07-07,West,66835,26619,43608,9682,4389,462650
2025-07-07,Central,77798,22470,47898,15939,10158,572313
2025-07-08,North,141649,59863,21919,13826,3014,662455
2025-07-08,South,114887,32372,70070,28371,7729,769247
2025-07-08,East,69477,26117,51171,34946,14872,580675
2025-07-08,West,67266,24779,66241,29359,12218,656106
2025-07-08,Central,136328,39294,40599,24266,5713,719339
2025-07-09,North,135988,31630,36965,24195,3492,656382
2025-07-09,South,93526,50039,67003,32315,9585,777043
2025-07-09,East,61889,59900,68478,23268,6122,711725
2025-07-09,West,74335,22178,34434,14710,11892,448840
2025-07-09,Central,61254,29935,66246,19161,2454,586740
2025-07-10,North,136610,57258,56649,36821,2917,892591
2025-07-10,South,61442,32784,79030,14729,8723,628403
2025-07-10,East,96289,33027,73061,31913,10205,726922
2025-07-10,West,103747,41008,21999,27184,8241,576604
2025-07-10,Central,87327,56631,34849,28279,6374,629254
2025-07-11,North,66199,11823,30903,31570,8059,426283
2025-07-11,South,122827,16852,69552,18195,2489,716227
2025-07-11,East,50112,23072,67468,22238,2984,560682
2025-07-11,West,137051,21133,72800,20552,2960,779442
2025-07-11,Central,69581,25111,25445,7728,10050,389543
2025-07-12,North,109722,42312,55396,28557,3782,733040
2025-07-12,South,142036,34161,38040,9938,7983,647480
2025-07-12,East,147562,49287,69772,36202,3869,943994
2025-07-12,West,66523,11777,20246,5131,13496,318821
2025-07-12,Central,116960,34014,51153,30692,4644,710722
2025-07-13,North,69552,24772,25212,24977,8838,450763
2025-07-13,South,60808,56389,23339,38061,6345,625790
2025-07-13,East,122525,54627,43142,32264,7702,750696
2025-07-13,West,73620,28161,76238,30575,13860,698808
2025-07-13,Central,50887,52264,39394,19727,14593,507772
2025-07-14,North,81802,17490,73871,15488,10075,631900
2025-07-14,South,135024,51661,55136,25069,9630,854711
2025-07-14,East,145549,34502,32186,29400,7902,710245
2025-07-14,West,131938,45757,54607,29146,8032,790774
2025-07-14,Central,136741,51111,72055,11846,3825,831300
2025-07-15,North,76049,42737,58973,28694,13499,702346
2025-07-15,South,127789,27709,24395,26740,13554,648506
2025-07-15,East,134526,54682,35290,35996,5110,756785
2025-07-15,West,57846,18998,42151,37125,12957,539227
2025-07-15,Central,140563,38906,23691,27970,14470,687692
2025-07-16,North,96220,45490,27470,15895,5770,582922
2025-07-16,South,96163,14656,23841,27258,12884,546814
2025-07-16,East,53765,46901,57116,28354,2029,643288
2025-07-16,West,131486,35735,75773,35641,10958,865946
2025-07-16,Central,95270,39092,37776,13444,10806,558391
2025-07-17,North,125277,11242,26060,14611,11196,558577
2025-07-17,South,138278,51307,73407,15528,4121,853754
2025-07-17,East,140239,11831,47584,5999,13318,608670
2025-07-17,West,72931,38511,68293,8760,5009,584456
2025-07-17,Central,139116,17246,24300,26941,5819,605453
2025-07-18,North,105633,41467,23338,31022,9739,601650
2025-07-18,South,130702,28302,25487,31521,10215,652169
2025-07-18,East,101913,13232,56282,34639,6059,656764
2025-07-18,West,144776,46526,49529,39621,13285,840565
2025-07-18,Central,75991,48765,69911,36449,4910,736957
2025-07-19,North,104845,20972,50262,18079,3970,616185
2025-07-19,South,148505,58136,31280,11895,11730,756537
2025-07-19,East,105312,44592,63075,32979,8655,774663
2025-07-19,West,60561,20683,48804,17552,13333,500286
2025-07-19,Central,66901,33664,29915,32394,6767,494002
2025-07-20,North,145556,46828,31158,37276,14161,786720
2025-07-20,South,112875,43172,28621,38630,13116,709731
2025-07-20,East,75917,28105,30547,9527,10762,484530
2025-07-20,West,112120,31700,43177,17247,3242,612444
2025-07-20,Central,51988,21017,66253,22603,2712,536283
2025-07-21,North,64256,46613,22459,5527,11485,403900
2025-07-21,South,137728,30594,48768,7922,4866,656663
2025-07-21,East,78230,21384,58041,10849,11866,552224
2025-07-21,West,109778,40348,70870,35300,13855,826741
2025-07-21,Central,95833,26448,62225,32780,8153,687512
2025-07-22,North,72625,19491,58191,33140,7587,627705
2025-07-22,South,82088,23112,70460,22230,11551,665583
2025-07-22,East,129650,41021,37434,31693,10827,726192
2025-07-22,West,91167,54553,58247,11959,11401,702896
2025-07-22,Central,121291,10968,35419,24667,9713,583047
2025-07-23,North,115303,10368,55017,31401,8861,698102
2025-07-23,South,126361,18424,55577,8323,12804,632322
2025-07-23,East,138229,45010,22921,5445,3297,604502
2025-07-23,West,54117,45851,24676,22409,2357,412183
2025-07-23,Central,140265,35496,40425,14963,7102,677590
2025-07-24,North,147718,40936,55185,20437,2240,791890
2025-07-24,South,110710,23322,69684,21855,12796,721139
2025-07-24,East,144426,11469,33463,21411,8854,599866
2025-07-24,West,144876,47493,45474,15847,14256,756656
2025-07-24,Central,117054,14259,60935,8236,3826,595500
2025-07-25,North,80949,46390,79998,18487,10115,744081
2025-07-25,South,72547,20292,21469,16848,5558,413905
2025-07-25,East,131882,36841,78596,18155,5860,822939
2025-07-25,West,118136,38365,27292,16255,14443,641560
2025-07-25,Central,114619,27207,78113,6979,6447,722514
2025-07-26,North,111842,46199,45409,26305,6139,663212
2025-07-26,South,144803,32912,43526,14007,2137,694809
2025-07-26,East,76990,46919,75152,29030,5734,745905
2025-07-26,West,66193,46981,43465,38770,3967,651462
2025-07-26,Central,80109,25235,50955,14734,8579,548185
2025-07-27,North,69233,51757,46785,11448,6849,564196
2025-07-27,South,131730,43547,41033,17396,10334,747110
2025-07-27,East,84510,58119,26931,32881,9167,584659
2025-07-27,West,51306,53810,72576,36177,7942,715617
2025-07-27,Central,53849,29276,21091,22916,9466,411266
2025-07-28,North,62360,41923,45772,36239,13825,611255
2025-07-28,South,144767,15534,36363,39189,8405,665926
2025-07-28,East,95800,36469,48490,18510,12751,641235
2025-07-28,West,86963,46074,79004,29966,14349,796064
2025-07-28,Central,104330,45670,77001,27152,7515,813176
2025-07-29,North,101707,42563,73806,24202,10051,807166
2025-07-29,South,68689,56159,20260,31445,4019,545424
2025-07-29,East,79084,46486,30456,16152,8174,519471
2025-07-29,West,90387,10021,42320,10617,9092,488525
2025-07-29,Central,124816,44268,33435,6195,4849,601475
2025-07-30,North,52642,51802,62145,30433,3192,642419
2025-07-30,South,92137,25799,68581,10305,12505,658287
2025-07-30,East,129832,36336,47025,13077,4355,663332
2025-07-30,West,105561,13641,48109,36385,4506,644852
2025-07-30,Central,112260,31596,40754,38062,2333,671734
2025-07-31,North,65438,42959,24301,11097,4562,427480
2025-07-31,South,98442,23306,27207,11678,12912,481458
2025-07-31,East,52994,56182,47920,37121,12630,635614
2025-07-31,West,149575,18587,42203,26404,3795,700299
2025-07-31,Central,51813,41359,78210,10743,2253,603061
2025-08-01,North,143027,31498,69244,21494,5657,842970
2025-08-01,South,134381,14662,41545,14678,9502,598752
2025-08-01,East,105276,47094,44016,6648,11615,637896
2025-08-01,West,91243,51833,51098,20677,5237,693707
2025-08-01,Central,112912,37197,78695,27765,5331,851093
2025-08-02,North,110272,30719,75360,7381,3027,684929
2025-08-02,South,92051,34665,28556,21489,4166,552377
2025-08-02,East,128854,53239,74068,16745,14186,869221
2025-08-02,West,132736,35032,66563,10818,2469,767033
2025-08-02,Central,115618,22641,40102,38149,9660,657324
2025-08-03,North,51920,51964,58893,32312,9905,651840
2025-08-03,South,127219,40028,21924,6316,7983,556625
2025-08-03,East,126872,55494,39479,10454,3093,675336
2025-08-03,West,131132,25651,59451,18107,6789,720362
2025-08-03,Central,52093,18536,74333,9074,4912,574653
2025-08-04,North,62905,55712,38922,26188,7489,600100
2025-08-04,South,74351,16273,78640,36968,2180,675982
2025-08-04,East,80981,16284,38660,28102,14259,526980
2025-08-04,West,123903,35692,66099,36957,13268,848366
2025-08-04,Central,120821,18817,77346,17872,11412,749540
2025-08-05,North,132289,38955,29945,13349,6142,622720
2025-08-05,South,134021,36555,70062,24693,5623,800453
2025-08-05,East,128513,30378,20306,37627,6729,637851
2025-08-05,West,69874,51182,42959,15760,7259,519244
2025-08-05,Central,100931,27127,24231,16584,10029,473366
2025-08-06,North,57674,59614,58796,7106,11755,599585
2025-08-06,South,100516,27952,32207,18669,6684,555888
2025-08-06,East,144574,21539,59426,30223,9854,821471
2025-08-06,West,110686,56761,26336,7483,5632,597823
2025-08-06,Central,144851,56219,66664,32482,7973,937758
2025-08-07,North,119212,24692,29630,39143,12549,654981
2025-08-07,South,52426,28120,37256,29240,8417,500391
2025-08-07,East,140009,23334,53909,15015,3562,699604
2025-08-07,West,118498,38615,69817,21628,3413,781334
2025-08-07,Central,79943,17903,61168,30443,12698,598912
2025-08-08,North,116395,38527,53719,35819,8504,769078
2025-08-08,South,94816,25629,62017,20060,3017,638704
2025-08-08,East,54138,27740,65704,32437,5654,597895
2025-08-08,West,141176,43782,50013,15654,8842,749960
2025-08-08,Central,125945,36708,34455,19253,10949,625412
2025-08-09,North,54017,20860,24722,16565,13971,393211
2025-08-09,South,60451,27438,32812,32597,8098,499674
2025-08-09,East,112956,11764,50276,32768,10812,656482
2025-08-09,West,143863,16009,56776,5087,12080,681353
2025-08-09,Central,60278,30842,30060,14432,5584,400216
2025-08-10,North,140480,52372,33056,13764,2181,728342
2025-08-10,South,93764,58780,26655,5178,8829,572012
2025-08-10,East,51134,43435,42574,31301,12920,576241
2025-08-10,West,112943,13370,69923,36913,12487,786019
2025-08-10,Central,145667,48744,33027,23732,4667,739125
2025-08-11,North,104318,30454,24030,7421,11991,492582
2025-08-11,South,110128,51381,44243,25526,8173,717598
2025-08-11,East,138056,48367,53289,33317,7421,865387
2025-08-11,West,71869,13650,39739,6217,11691,406830
2025-08-11,Central,55039,55117,54168,5929,11176,593023
2025-08-12,North,71281,35708,64698,39270,13745,682009
2025-08-12,South,60442,52662,56491,38188,4364,688102
2025-08-12,East,123788,13190,50013,18580,7516,649358
2025-08-12,West,77586,58113,26579,35431,5305,622127
2025-08-12,Central,103053,18789,72399,25742,4215,723073
2025-08-13,North,100489,42125,38242,22833,12982,633894
2025-08-13,South,133104,43159,24781,35885,2125,665745
2025-08-13,East,136346,27459,40448,10811,4620,653117
2025-08-13,West,117087,45418,65641,13619,6215,788604
2025-08-13,Central,62625,56368,71550,29255,3451,717868
2025-08-14,North,84397,57085,69294,29972,11200,800364
2025-08-14,South,108671,28768,41446,18527,11405,594892
2025-08-14,East,141785,59961,31043,37874,13896,800832
2025-08-14,West,116897,25563,39853,9049,7547,577255
2025-08-14,Central,76149,37885,69143,6903,8703,607612
2025-08-15,North,110030,31885,40079,10376,9369,588024
2025-08-15,South,119906,16895,37101,5042,5130,587367
2025-08-15,East,55283,33958,20642,27769,2696,411115
2025-08-15,West,57610,11531,48016,6577,4270,409072
2025-08-15,Central,93326,15481,38932,17382,11707,484568
2025-08-16,North,64924,33932,64653,27449,11226,651707
2025-08-16,South,126162,31360,44945,33859,13032,719727
2025-08-16,East,50869,53642,72802,13576,11727,656129
2025-08-16,West,147088,34829,27549,16663,11005,668051
2025-08-16,Central,51014,29932,33397,10244,10501,410557
2025-08-17,North,60103,48931,45362,39902,11203,621612
2025-08-17,South,132522,48032,67842,8892,11210,794634
2025-08-17,East,146007,25890,66539,32112,5411,836771
2025-08-17,West,83458,28807,53717,9321,5718,549140
2025-08-17,Central,140605,21767,74596,10776,8717,798413
2025-08-18,North,132409,18071,69673,21119,6920,752504
2025-08-18,South,73248,36149,43016,35569,14002,596269
2025-08-18,East,139160,25540,75200,38063,4044,875257
2025-08-18,West,93516,45676,34732,38181,3116,600671
2025-08-18,Central,79061,14712,69506,27340,14915,684563
2025-08-19,North,74170,36201,46911,15187,3156,506722
2025-08-19,South,58024,54958,37866,11668,2988,526141
2025-08-19,East,132214,29899,62607,20344,12658,781995
2025-08-19,West,135947,29787,47621,13195,7587,658458
2025-08-19,Central,93803,30982,32823,21561,3828,553054
2025-08-20,North,69296,32606,49986,27298,9872,572499
2025-08-20,South,141829,20150,76146,21076,12269,814601
2025-08-20,East,142708,30393,71367,20376,8088,830316
2025-08-20,West,136664,47259,73868,10392,4345,823004
2025-08-20,Central,68257,56687,77771,32106,11276,766709
2025-08-21,North,62855,56936,74973,19309,12697,729020
2025-08-21,South,135178,37750,71689,29809,14236,866592
2025-08-21,East,70025,18593,34690,5693,12543,412400
2025-08-21,West,54458,27358,59107,38937,5005,599906
2025-08-21,Central,113610,26607,77888,34233,6435,781177
2025-08-22,North,120843,47381,30956,13623,12687,618643
2025-08-22,South,133961,34811,41303,14174,8628,659628
2025-08-22,East,99831,38074,76227,16352,2076,738298
2025-08-22,West,93427,30595,56533,10530,7752,585260
2025-08-22,Central,143809,54194,49674,9992,4562,788681
2025-08-23,North,88506,59377,78002,28354,3572,821820
2025-08-23,South,55668,36853,76234,8312,9087,609218
2025-08-23,East,141470,18183,55595,9318,14379,685341
2025-08-23,West,97195,30661,22058,39456,7970,545317
2025-08-23,Central,123233,51169,76901,5467,9952,818870
2025-08-24,North,74417,46495,31519,32192,14753,579337
2025-08-24,South,131982,23703,51115,28663,8609,693224
2025-08-24,East,60751,40815,20730,36246,10056,487520
2025-08-24,West,96218,39565,21832,33273,13862,589153
2025-08-24,Central,57352,32942,61368,34473,5111,570990
2025-08-25,North,129052,52986,42889,18679,4737,721272
2025-08-25,South,138835,43161,68386,32445,11544,906926
2025-08-25,East,147493,58760,59938,22870,7404,880256
2025-08-25,West,78927,51803,24179,30992,11138,604177
2025-08-25,Central,91094,19716,26299,34433,6649,517829
2025-08-26,North,104122,51563,27830,16038,5868,617246
2025-08-26,South,79493,43349,64207,30933,5137,677314
2025-08-26,East,142247,57098,57570,34236,9824,908663
2025-08-26,West,123539,52899,42441,14770,8136,703110
2025-08-26,Central,81707,10132,26615,8749,9799,418440
2025-08-27,North,118814,57752,26762,12855,5486,625055
2025-08-27,South,57296,13385,58311,28439,14379,523881
2025-08-27,East,75398,46538,44709,35290,3002,646597
2025-08-27,West,85842,45036,57651,16101,14655,698924
2025-08-27,Central,63261,43743,43434,32240,11011,602703
2025-08-28,North,126709,50373,41343,21783,10614,729889
2025-08-28,South,145985,17213,35739,31809,10763,668115
2025-08-28,East,106704,54223,20666,22923,13101,637463
2025-08-28,West,117173,36119,53044,20026,9906,702336
2025-08-28,Central,81781,12835,47883,28569,7359,563215
2025-08-29,North,63652,12738,34063,25893,6530,441226
2025-08-29,South,55103,52317,53649,27435,11615,669357
2025-08-29,East,75500,14134,54828,37399,3633,577478
2025-08-29,West,85529,35892,67445,30236,8669,704025
2025-08-29,Central,68452,49601,71234,32199,3753,745339
2025-08-30,North,99393,18353,59470,25334,10659,672167
2025-08-30,South,81174,25690,29429,38217,13114,579100
2025-08-30,East,114450,11909,79796,20034,8353,727607
2025-08-30,West,85436,35703,68621,36085,12495,750623
2025-08-30,Central,97406,24496,52926,14442,11898,576102
2025-08-31,North,113059,22062,68764,17643,10264,702950
2025-08-31,South,65954,19850,57997,12710,2146,510735
2025-08-31,East,132722,37701,79940,12216,9507,831984
2025-08-31,West,62356,44731,60724,16712,2316,580948
2025-08-31,Central,148499,15153,52269,9905,10797,660057
2025-09-01,North,52187,20481,51704,32930,10766,556397
2025-09-01,South,127243,43734,76666,36192,3177,906746
2025-09-01,East,85098,10889,48391,28506,13518,561137
2025-09-01,West,142471,29445,44187,12288,5422,695761
2025-09-01,Central,71225,16461,65334,35011,4594,639297
2025-09-02,North,53606,48934,22526,20586,13074,435552
2025-09-02,South,107620,38205,44686,37400,10503,712236
2025-09-02,East,82828,33351,27803,6567,13047,494186
2025-09-02,West,76489,26006,52668,6094,2764,474964
2025-09-02,Central,64387,54149,26574,16135,9836,476840
2025-09-03,North,119463,59112,28733,18508,8277,684789
2025-09-03,South,121832,20940,70290,14684,13187,752174
2025-09-03,East,145980,21258,27257,32247,13392,671802
2025-09-03,West,52591,34485,56051,11191,2435,493787
2025-09-03,Central,98516,33763,35909,22842,5351,547881
2025-09-04,North,141683,50048,44146,13046,14645,749920
2025-09-04,South,112061,11067,31802,9934,13169,472229
2025-09-04,East,116736,30607,27896,6354,4930,520251
2025-09-04,West,131257,53883,48133,34816,12491,855377
2025-09-04,Central,111753,19018,71571,7963,2134,628970
2025-09-05,North,134774,58521,33526,32424,14106,783252
2025-09-05,South,61087,56946,70908,19503,6618,705903
2025-09-05,East,80816,25187,31278,8042,10995,437325
2025-09-05,West,73408,47375,66010,35241,12899,746984
2025-09-05,Central,50136,13985,71458,12139,4366,520549
2025-09-06,North,67413,53052,76782,16226,14367,721909
2025-09-06,South,109500,29563,75415,19762,13454,762153
2025-09-06,East,134514,57322,45551,23116,11668,772737
2025-09-06,West,106358,47306,74160,10111,5415,742686
2025-09-06,Central,116197,28608,74399,8081,12653,730745
2025-09-07,North,142789,49139,45298,34815,14134,797670
2025-09-07,South,142420,11726,55338,12802,12232,636922
2025-09-07,East,82854,36582,42191,22913,14655,592086
2025-09-07,West,126240,15791,76964,22465,3006,763044
2025-09-07,Central,140063,18458,53092,12994,9908,684956
2025-09-08,North,66322,27221,43871,8531,11184,442755
2025-09-08,South,56968,58506,29721,14343,6691,522475
2025-09-08,East,77518,30968,58413,38484,9669,676453
2025-09-08,West,101925,27070,71097,11229,9829,698783
2025-09-08,Central,109848,37937,50279,33775,3896,702778
2025-09-09,North,143422,59508,34404,31766,5065,801306
2025-09-09,South,51700,51831,24486,21588,4748,478148
2025-09-09,East,143782,52933,55198,28168,8692,875108
2025-09-09,West,73199,57307,48687,26866,4661,671419
2025-09-09,Central,94589,58340,72662,14524,4978,746929
2025-09-10,North,82115,47415,69997,27538,8949,739485
2025-09-10,South,111934,52770,33156,26226,8375,668845
2025-09-10,East,104316,30802,20567,13103,8459,501101
2025-09-10,West,55520,53601,22179,23402,12015,465504
2025-09-10,Central,86455,20420,22019,20090,13599,431188
2025-09-11,North,136465,16642,35919,20915,8107,671893
2025-09-11,South,91605,29775,39703,39206,14698,682473
2025-09-11,East,64955,38754,38704,26511,14674,578920
2025-09-11,West,94049,53310,38030,20029,11940,650838
2025-09-11,Central,63917,14357,23909,35831,8501,456419
2025-09-12,North,120293,31263,28015,28531,4661,631325
2025-09-12,South,128581,58367,23420,9517,8165,672966
2025-09-12,East,114925,23201,79875,26961,10210,781348
2025-09-12,West,120269,12739,67653,31835,5358,716487
2025-09-12,Central,80954,23231,36740,32725,2275,537821
2025-09-13,North,146671,52278,60253,30357,6078,894839
2025-09-13,South,122617,52495,50328,6244,6754,695604
2025-09-13,East,91458,31168,39465,7416,13137,521186
2025-09-13,West,139037,42624,71432,11490,14839,859830
2025-09-13,Central,71113,20635,24131,16683,14966,407792
2025-09-14,North,149977,19964,30652,10839,6698,638148
2025-09-14,South,140226,37785,41507,29992,2364,758911
2025-09-14,East,93939,39510,67147,13924,12165,733268
2025-09-14,West,79345,27261,67671,20921,2794,673303
2025-09-14,Central,96313,29254,68681,29260,8795,730673
2025-09-15,North,142365,21392,43806,33380,7870,769452
2025-09-15,South,119166,22336,39171,23811,2589,620228
2025-09-15,East,97861,21939,40593,10721,6294,530876
2025-09-15,West,147406,37412,75692,9930,6313,834776
2025-09-15,Central,99298,26676,78541,9353,10932,688347
2025-09-16,North,97221,19843,29470,12832,6745,494056
2025-09-16,South,94942,55591,69617,27951,12386,828208
2025-09-16,East,53453,35112,64308,12770,9377,531682
2025-09-16,West,104935,40598,70639,30525,10861,846443
2025-09-16,Central,93370,45454,41326,21556,3437,649901
2025-09-17,North,58328,43001,24597,20094,14952,461800
2025-09-17,South,65534,37228,57304,12935,11047,583348
2025-09-17,East,135280,24429,50788,7675,12569,665775
2025-09-17,West,134925,28758,69477,36280,6033,847197
2025-09-17,Central,86320,12272,62725,16240,3893,565423
2025-09-18,North,99170,27350,56930,9005,9519,618713
2025-09-18,South,130201,32538,53071,11544,11378,677178
2025-09-18,East,58640,13400,25067,22332,3842,416715
2025-09-18,West,141057,25371,25024,31836,8244,636899
2025-09-18,Central,80049,47310,27715,19388,2326,536470
2025-09-19,North,55618,46291,78784,6694,13418,629746
2025-09-19,South,106053,28147,77492,26141,4400,756710
2025-09-19,East,51920,13291,51770,27666,10106,503021
2025-09-19,West,93937,45256,31226,6460,6278,532636
2025-09-19,Central,119724,20892,55399,14835,6550,651192
2025-09-20,North,62207,44326,75543,15910,14293,667577
2025-09-20,South,115774,47458,33412,22221,9500,648399
2025-09-20,East,82972,48889,67805,30613,6015,757754
2025-09-20,West,60799,54966,77439,36353,7452,751705
2025-09-20,Central,121088,47207,64415,13463,6306,748741
2025-09-21,North,78916,50288,32569,18336,10242,550332
2025-09-21,South,120463,35995,22369,31534,11660,625679
2025-09-21,East,143500,15409,64427,7369,9826,679723
2025-09-21,West,126700,52438,52021,30381,11201,782785
2025-09-21,Central,87158,54874,20528,24558,14664,590771
2025-09-22,North,134607,54702,63270,27369,8783,878149
2025-09-22,South,121696,39823,50314,38650,5557,777567
2025-09-22,East,111510,17869,57443,35954,11266,738028
2025-09-22,West,108692,45724,38047,30407,2153,654176
2025-09-22,Central,111744,32401,39748,31767,10773,633779
2025-09-23,North,65810,35958,55109,7040,2787,538755
2025-09-23,South,55126,20766,33919,28116,6886,413027
2025-09-23,East,80009,29768,67498,31170,5381,676437
2025-09-23,West,149120,40794,75808,11372,9566,862912
2025-09-23,Central,140932,36145,35256,27369,8277,755350
2025-09-24,North,50192,20086,24905,12562,4267,326925
2025-09-24,South,86413,53203,68307,10900,6258,690074
2025-09-24,East,62816,36442,68023,26700,2970,651069
2025-09-24,West,89082,26412,28884,5589,10839,470756
2025-09-24,Central,115048,35596,48906,10063,2945,624274
2025-09-25,North,100940,20255,61911,25017,14976,681973
2025-09-25,South,82130,52406,25950,23374,7618,548647
2025-09-25,East,90142,50524,21360,27899,10191,589328
2025-09-25,West,86468,33332,57895,6258,3495,544765
2025-09-25,Central,80698,54624,41946,18598,4047,664744
2025-09-26,North,60655,25764,67020,7866,11364,561689
2025-09-26,South,97897,37563,28730,35132,14410,602101
2025-09-26,East,80075,32139,78163,34404,4886,734084
2025-09-26,West,59359,46370,42161,5637,7188,469193
2025-09-26,Central,92056,15062,47738,29616,6158,565876
2025-09-27,North,101831,54645,23925,20828,10924,613191
2025-09-27,South,109191,17244,28463,31196,13279,602137
2025-09-27,East,83272,16372,77153,37022,5461,704383
2025-09-27,West,64671,49873,37412,37202,8733,570808
2025-09-27,Central,77048,29965,42402,33704,3657,565122
2025-09-28,North,126274,54997,54010,30875,7043,807902
2025-09-28,South,75963,26956,45717,28641,8360,572385
2025-09-28,East,93954,50473,61552,18235,2478,698470
2025-09-28,West,122309,23894,76271,27027,11329,755799
2025-09-28,Central,145430,55048,29797,37927,5953,774058
2025-09-29,North,50717,43382,40594,32022,11168,531577
2025-09-29,South,61676,14050,26406,10938,10428,379051
2025-09-29,East,54434,26709,72529,38348,12715,660275
2025-09-29,West,99810,25722,33965,37209,6043,564896
2025-09-29,Central,144636,25210,33733,14941,2597,612271
2025-09-30,North,54994,59510,73223,12073,11894,698444
2025-09-30,South,54234,46545,46926,5921,12368,496400
2025-09-30,East,119300,48674,48783,7773,12749,678520
2025-09-30,West,93949,44489,37824,9462,10356,570058
2025-09-30,Central,87405,27733,56394,25960,4324,631307
2025-10-01,North,84872,30080,62842,35268,9299,692969
2025-10-01,South,92215,46664,48287,24818,13231,697465
2025-10-01,East,73185,49709,36568,6865,2569,504673
2025-10-01,West,93442,56232,50436,35706,5328,753157
2025-10-01,Central,101759,48014,41380,33887,2140,690777
2025-10-02,North,91153,51152,44796,35511,10877,680704
2025-10-02,South,127535,37250,28031,38479,10878,734850
2025-10-02,East,52581,30229,41947,31401,5280,533504
2025-10-02,West,101717,58137,23188,33502,4763,636902
2025-10-02,Central,52763,26475,45669,18394,5590,467344
2025-10-03,North,142910,56412,55713,38158,4038,903295
2025-10-03,South,105480,53876,51813,14262,3074,692245
2025-10-03,East,88759,39011,26765,9487,7622,496580
2025-10-03,West,126067,18128,71626,32341,4225,787811
2025-10-03,Central,75307,42450,43171,18570,9523,579411
2025-10-04,North,146371,28897,30807,34605,11533,727190
2025-10-04,South,61064,18168,30204,11066,11881,392300
2025-10-04,East,126848,16861,47066,31723,13202,706179
2025-10-04,West,87548,51758,77944,8572,2363,724841
2025-10-04,Central,86945,23750,62120,17670,11259,626151
2025-10-05,North,97937,26988,57367,32839,12832,723372
2025-10-05,South,56476,12979,42658,33401,13941,504213
2025-10-05,East,101756,33524,57081,15249,4030,651328
2025-10-05,West,140101,17065,54986,7311,8685,646574
2025-10-05,Central,52382,47684,33786,37011,8465,538851
2025-10-06,North,99683,33184,49283,8642,8791,616554
2025-10-06,South,137999,43365,70304,11338,8157,823718
2025-10-06,East,95276,33704,20056,14622,2617,494288
2025-10-06,West,83402,15622,78548,12806,14646,647629
2025-10-06,Central,141881,28261,65301,5757,7437,743662
2025-10-07,North,76946,54932,52911,31710,13338,703550
2025-10-07,South,129698,38419,59986,26470,3982,779520
2025-10-07,East,123933,44467,28559,11220,7710,603823
2025-10-07,West,72335,35605,46058,31315,2193,612547
2025-10-07,Central,95095,39171,42745,32793,10164,647097
2025-10-08,North,129930,32164,20615,19316,6458,590449
2025-10-08,South,77197,59868,28062,27505,3119,584217
2025-10-08,East,72010,56197,48214,33288,8911,694838
2025-10-08,West,74123,23796,64288,13956,8540,584326
2025-10-08,Central,137923,46854,58745,24109,14394,842749
2025-10-09,North,52890,41320,64187,8497,2526,551876
2025-10-09,South,143305,10665,62548,14864,12144,696918
2025-10-09,East,58026,42694,30681,36510,9154,552971
2025-10-09,West,114925,34230,26984,32981,6879,625146
2025-10-09,Central,118842,32995,47579,27026,11974,689717
